word,df
aa,3
aaa,3
aaf,1
aag,1
aarc,1
aaron,3
ab,2
aba,2
abandon,2
abbei,1
abbevil,1
abbott,1
abbrevi,1
abel,1
aberdeen,2
aberdeenshir,1
abigail,1
abil,6
abl,1
abnorm,1
aboard,4
abort,2
abraham,1
abras,2
absenc,2
absolut,4
absoluteli,4
absorb,2
abstract,1
abt,1
abu,1
abund,3
abus,7
abuzz,1
ac,10
academ,35
academi,40
acbl,5
acc,3
acceler,6
accent,1
accept,35
access,142
accessori,66
accid,34
accident,1
acclaim,1
accolad,7
accommod,98
accompani,1
accomplish,4
account,261
accredit,32
acct,1
accur,5
accuraci,2
accurateli,1
accus,1
ach,3
achiev,41
aci,1
acid,1
ackerman,1
acknowledg,1
acl,1
acm,1
acn,2
acol,1
acorn,3
acquaint,1
acquir,6
acquisit,9
acr,15
acrobat,10
acryl,2
act,3
acti,1
action,33
activ,141
activeli,3
actor,2
actuari,2
acu,1
acuerdo,1
acuiti,1
acumen,2
acupunctur,7
acut,3
ad,11
ada,6
adam,3
adamsvil,1
adapt,8
add,30
addict,6
addit,20
addition,1
address,45
adelaid,6
adequateli,1
adhes,3
adi,3
adipos,1
adjac,3
adjoin,2
adjust,14
adler,1
admin,19
administr,37
admir,2
admiss,20
admit,1
adob,4
adolesc,7
adopt,5
adren,1
adrenalin,2
adrian,1
adriana,1
adult,60
advanc,64
advantag,12
advent,1
adventur,108
advers,1
advertis,30
advic,109
advis,35
advisor,40
advisori,23
advoc,14
advocaci,24
ae,1
aea,3
aec,1
aegi,1
aer,1
aerial,2
aero,1
aerob,1
aerosol,1
aerospac,8
aesthet,4
afc,2
affabl,1
affair,9
affect,2
affectionateli,1
affili,29
affin,3
affirm,4
afford,20
afghanistan,1
afield,1
afraid,1
africa,11
african,4
afro,1
aft,1
after,1
aftercar,4
aftermarket,1
afternoon,6
afterschool,2
ag,48
agamemnon,1
agav,1
agen,1
agenc,33
agenda,8
agent,19
aggi,1
aggrav,2
aggreg,1
aggress,1
aggressiveli,1
agil,5
agl,1
agm,6
agn,1
agre,14
agreement,9
agribusi,1
agricultur,7
agua,1
agust,1
aha,1
ahm,1
ahmedabad,1
aht,1
ai,16
aic,1
aid,41
aim,24
ain,1
ainsworth,1
aion,1
air,25
airboat,1
aircraft,4
airfar,1
airfield,1
airlin,1
airpark,1
airplan,2
airport,11
airstream,1
airwai,4
aj,1
ajax,1
ak,38
aka,3
akc,2
akiachak,1
akiak,1
al,1
ala,2
alabama,37
alabast,2
alamo,1
alan,2
alarm,7
alaska,160
alaskan,42
alberta,1
albion,1
album,9
alcohol,6
alda,1
aldershot,1
alderson,1
alekhin,1
alert,32
aleutian,3
alex,5
alexand,5
alexi,4
alfa,1
alfonso,1
algorithm,1
ali,3
alic,3
alicevil,1
alien,1
align,25
alik,3
alison,1
aliv,1
allah,1
allegi,1
allegro,1
allei,3
allen,7
allentown,1
allergi,2
allevi,1
allez,1
alli,5
allianc,12
alloc,1
alloi,1
allow,12
allur,2
alma,4
almanac,1
almshous,1
alonso,1
alonzo,1
alopecia,2
alp,1
alpenglow,1
alpha,2
alphabet,1
alpin,1
altern,16
alternativeli,1
altogeth,1
aluminium,1
aluminum,2
alumni,17
alyeska,1
alzheim,2
amadeu,1
amalgam,1
amanda,4
amara,1
amateur,26
amaz,16
amazingli,1
amazon,8
ambassador,4
ambigu,1
ambit,4
ambiti,2
ambler,1
ambros,1
ambulatori,1
amen,83
amend,3
america,19
american,34
americana,1
amethyst,1
amex,1
ami,2
amicu,1
amiga,1
amir,1
amish,1
amiti,1
ammunit,1
amphibi,1
ampl,3
amplifi,4
amput,1
amsterdam,1
amt,1
amus,2
ana,1
anaconda,1
anaesthesia,1
anaesthet,1
anagram,3
anaheim,1
anal,20
analys,4
analysi,27
analyst,2
analyt,9
analyz,8
anan,1
anarchi,1
anatomi,1
ancestor,2
ancestri,1
anchor,6
anchorag,34
ancient,13
ancillari,3
and,1
andalusia,1
anderson,4
andi,3
andov,1
andrea,1
andrew,5
android,6
anesthesia,2
angel,12
angela,5
angelica,1
angl,4
angler,1
anglo,3
ania,1
aniak,1
anil,1
anim,17
anisometropia,1
anissa,1
anita,1
ankl,6
ann,5
anna,1
anneal,2
annett,1
annex,1
anni,3
annihil,2
anniston,1
anniversari,10
annoi,1
annot,2
announc,26
annual,49
annuiti,1
annul,1
anonym,4
answer,15
antelop,5
anthem,1
antholog,1
anthoni,1
anti,11
antibiot,1
antidot,1
antifoul,1
antigua,1
antiqu,4
antitrust,1
antwerp,2
anxieti,11
anxiou,1
anytim,6
anza,1
aol,1
ap,4
apach,2
apart,8
apc,1
apex,2
api,5
apicoectomi,2
apnea,10
apocalypt,1
apolog,1
apologis,1
app,7
apparel,4
appeal,9
appear,9
appel,1
appl,5
applebi,2
appli,61
applianc,7
applic,55
appoint,114
apprais,2
appreci,1
apprentic,5
apprenticeship,12
approach,48
approv,9
approx,1
approxim,1
apt,1
aqua,3
aquarian,1
aquat,2
aquila,1
ar,1
arab,12
arabian,1
arba,1
arbitr,3
arbitrag,1
arc,2
arcad,19
arcadia,3
arch,1
archaeolog,1
archangel,1
archer,3
archeri,10
architect,4
architectur,6
archiv,39
archon,1
arctic,9
arcto,1
arcturu,1
arena,6
argentin,1
argentina,4
argyl,1
ari,1
aria,4
arian,1
aris,1
arithm,1
ariton,1
arizona,147
arkansa,68
arkansan,1
arlington,1
arm,11
armada,1
armi,3
armida,1
armour,3
arnold,1
arp,2
arrai,3
arrang,13
arrear,2
arrest,2
arrhythmia,1
arriv,16
arrow,11
arsen,17
arson,1
art,61
artefact,1
arteri,1
arthriti,1
articl,62
articul,1
artifact,1
artifici,10
artist,5
artwork,4
asa,1
asap,2
asbesto,2
asburi,1
asc,1
ascent,1
ascot,1
ash,5
ashram,1
ashton,2
asia,5
asian,11
asic,1
asm,1
asp,1
aspect,11
asphalt,1
aspir,6
ass,11
assail,1
assassin,1
assault,8
assembl,3
assert,4
assess,51
asset,28
asshol,2
assign,2
assist,47
associ,92
assort,2
assum,2
assur,17
asta,1
aster,1
asteroid,1
asthma,2
aston,1
astronomi,1
astut,1
asylum,2
asymmetri,1
at,2
atalanta,1
athen,1
athena,1
athlet,43
atkinson,1
atla,4
atlant,5
atlanta,2
atm,16
atmospher,7
atom,1
atomis,1
atop,1
atp,3
att,1
atta,1
attach,5
attack,5
attempt,2
attend,14
attent,8
attic,1
attitud,3
attornei,59
attract,48
attractor,1
attribut,1
atv,4
au,3
auburn,3
auckland,1
auction,5
auctor,1
aud,3
audienc,5
audio,12
audiolog,2
audiologist,1
audiometri,1
audit,37
auditor,1
auditorium,2
augment,10
augustin,1
aunt,5
aunti,1
aurora,11
aussi,3
austel,1
austin,2
australia,19
australian,9
austria,3
authent,12
author,33
authoris,2
autism,6
auto,38
autoclav,2
autoimmun,1
autom,5
automat,5
automobil,4
automot,7
autonom,2
autumn,7
auxiliari,2
auxillari,1
av,21
avail,47
avalon,1
avanti,1
avatar,1
aventur,1
avenu,10
averag,2
avi,1
aviat,3
avid,3
avoid,10
avonmor,1
aw,1
await,14
awaken,2
awar,26
award,99
awesom,1
awhil,1
awn,5
axa,2
axi,2
ayrshir,1
ayurved,1
ayurveda,1
azalea,1
azar,1
aztec,1
azteca,1
azur,2
babar,4
babbler,1
babe,7
babi,10
babysitt,1
baccalaur,2
bachelor,2
backcountri,2
backer,1
backgammon,6
background,9
backhand,1
backho,1
backpack,8
backyard,1
bacteri,1
bad,11
badg,2
badger,1
badminton,14
bae,1
bag,24
bai,37
bail,1
bailei,3
bailer,1
bailiff,1
bait,2
baja,2
bake,3
baker,2
bakeri,1
bakersfield,1
bakewel,1
bal,1
balanc,9
balconi,3
bald,1
baldwin,2
bali,1
ball,19
ballad,1
ballet,2
balli,4
balloon,2
ballot,1
ballroom,1
balmor,1
baltic,1
baltimor,1
banana,2
band,7
bandag,3
bandon,1
bang,4
bangladesh,1
bangor,1
bank,82
banker,2
bankruptci,14
banner,10
banquet,4
baptist,1
bar,30
barbadian,1
barbara,3
barbarossa,1
barbecu,2
barber,1
barbi,1
barbu,1
barca,4
barcelona,9
bargain,5
bark,1
barker,1
barklei,1
barlow,1
barn,4
barnard,1
barnet,2
barnett,1
barnslei,1
barr,1
barrel,2
barri,3
barring,1
barrist,2
barrow,4
bartlett,1
barton,1
basal,1
base,92
basebal,12
basement,1
bash,4
basi,10
basic,24
basin,5
bask,1
basket,43
basketbal,18
bass,2
bassenthwait,2
bast,1
bastil,1
bat,4
bateman,1
batesvil,1
bath,14
bathroom,10
batman,2
batmen,1
batteri,6
battersea,1
battl,13
battlefield,1
battleground,2
bauer,1
baxter,3
bayern,2
bayonet,1
bb,1
bba,1
bbc,5
bbl,6
bc,4
beach,32
beachfront,5
beachi,1
beachsid,2
beacon,2
beal,2
beam,6
beamish,1
bear,25
beard,1
bearfoot,1
beast,2
beat,9
beaten,4
beau,1
beaumont,1
beauregard,1
beauti,77
beautifulli,6
beaver,8
becki,1
beckon,1
bed,66
bedford,1
bedfordshir,2
bedroom,19
beech,1
beef,1
beehiv,1
beek,1
beer,3
beetroot,1
beginn,21
begun,1
behavior,13
behaviour,9
belfast,2
belgian,1
belgium,3
belief,9
believ,4
beliz,1
belknap,1
bell,8
bella,1
belong,2
belov,1
belt,2
ben,4
bench,3
benchmark,2
bend,3
bender,1
beneficiari,2
benefit,66
benevento,1
benign,1
benjamin,1
bennett,2
benson,2
benton,1
ber,1
bere,2
bereav,2
berkshir,8
berlin,1
bernardo,4
bernhardt,1
berri,3
berth,2
bespok,27
bestsel,1
bet,15
beta,1
bethel,1
betray,1
betsi,1
bett,1
bettor,1
beulah,1
beverag,6
beverli,1
bewar,3
bge,1
bhatt,1
bhd,1
bia,1
bianca,1
bib,1
biblic,4
bicycl,13
bid,19
bidarka,1
bidder,1
bien,1
bigger,2
biggest,8
bike,31
biker,1
bilbo,1
bilingu,2
bill,16
billi,3
billiard,1
billionair,1
biloxi,1
biltmor,2
bimbo,1
bind,1
bingo,6
binocular,2
bio,5
biofeedback,1
biog,1
biograph,1
biographi,2
biologi,4
biomed,1
bioscienc,4
biotech,2
biotechnolog,5
bipolar,1
birch,1
bird,7
birmingham,18
birth,6
birthdai,3
birthmark,1
bisbe,1
biscuit,1
bisexu,5
bishop,1
bistro,3
bit,7
bitch,1
bite,10
biz,1
bizarr,1
bl,2
bla,1
black,41
blackberri,1
blackest,1
blackjack,4
blackman,1
blackpool,1
blackthorn,1
bladder,1
blade,6
blain,1
blais,1
blake,3
blanca,1
blank,6
blast,3
blaster,2
blaze,1
blazer,1
bleach,2
bleed,4
blemish,1
blend,5
blender,2
blenheim,1
blephar,1
blepharoplasti,3
bless,2
blick,1
blind,1
bliss,1
blister,1
blitz,1
blob,1
block,20
blond,7
blood,8
bloom,1
bloomington,1
bloomsburg,1
blossom,1
blous,1
blow,2
blowjob,7
blue,24
bluei,1
blueprint,2
bluff,6
blunder,1
blvd,9
bmi,1
boar,1
board,204
boardroom,1
boardwalk,2
boat,32
boaz,1
bob,5
bobbi,1
bobbl,2
boc,1
boca,2
bod,1
bodi,45
bodili,2
bodmin,3
bodybuild,1
bodyweight,1
bodywork,3
boggl,3
boi,12
boil,1
bok,1
bola,1
bolder,1
bolivia,1
boll,1
bologna,1
bolt,1
bolton,4
bomb,1
bombardi,1
bomber,1
bond,25
bondag,1
bone,10
bonita,2
bono,1
bonu,7
bonus,2
boobi,1
book,314
bookkeep,16
booklet,3
bookmak,1
bookmark,1
bookstor,1
boom,2
boomerang,1
boondock,1
boost,5
booster,3
boot,7
booth,3
booti,1
bootstrap,1
bordello,1
border,9
bore,1
boreali,2
borel,1
borg,1
borlas,1
born,7
borough,3
borrow,11
bosnia,1
boss,3
boston,2
bot,2
botan,2
bottl,6
bottom,2
bouchard,1
bought,1
bougi,1
boulder,1
boulevard,2
bounc,1
bound,3
boundari,4
bounti,2
bourn,1
bournemouth,6
bout,1
boutiqu,12
bow,4
bowel,1
bowl,11
bowler,1
bowman,1
bowmen,1
box,52
boyn,1
bp,1
bph,1
brace,26
bracket,1
bracknel,1
brad,1
bradford,1
bradi,1
bradlei,4
bradshaw,1
brae,2
brahman,1
brai,1
braill,4
brain,10
brainteas,1
braithwait,2
branch,28
brand,49
brandi,1
brandon,2
branson,1
brantlei,1
brasil,2
brass,1
brava,1
brave,5
braver,1
bravo,3
brawl,1
brazil,2
brc,1
brea,1
breach,2
break,38
breakdown,6
breaker,4
breakfast,60
breakthrough,2
breast,12
breastfeed,1
breath,8
breathtak,8
breez,2
brenda,1
brentford,2
brest,1
brett,1
brew,2
breweri,3
brewmast,1
brian,9
brianna,1
briberi,1
brick,2
bridal,2
bridg,53
bridgeport,1
bridgewat,1
brief,3
briefcas,2
brigad,1
brigg,1
brigham,1
bright,8
brighter,2
brightest,2
brightli,1
brighton,6
brillianc,2
brilliant,4
bring,38
brisban,5
bristol,28
britain,5
british,22
bro,2
broad,5
broadband,1
broadcast,3
broaddu,1
broadwai,3
brochur,23
broke,4
broken,3
broker,20
brokerag,4
brom,1
bronz,2
brood,1
brook,8
brooklyn,1
brookwood,2
brother,6
brought,2
brow,6
brown,13
brownel,1
brownnos,1
brows,33
browser,69
bruce,3
bruge,1
brunch,2
brunett,5
bruno,2
brush,9
brussel,1
brutal,2
bruxism,3
bryant,5
bryce,1
bsc,1
bsd,1
bsl,2
bsm,1
btn,1
btu,1
bu,19
bubba,1
bubbl,2
buccal,1
bucharest,1
buck,2
bucket,3
buckinghamshir,1
buckland,1
budd,1
buddi,5
bude,2
budget,15
buff,1
buffalo,6
buffer,1
buffet,2
bug,7
buggi,1
bughous,1
bui,15
build,72
builder,9
built,21
bulgarian,1
bulk,2
bull,21
bulletin,4
bullhead,1
bulli,5
bullock,1
bullshoal,1
bump,1
bunco,1
bundl,5
bungalow,4
bunion,2
bunk,1
bunker,1
bunkhous,2
bunn,1
bunni,1
buoi,1
buoyanc,1
bureau,2
buren,1
burger,1
burghlei,1
buri,3
burkett,1
burleson,1
burlingam,1
burn,12
burnham,1
burnlei,4
burp,1
burr,1
bursari,2
burst,3
burton,3
bushcraft,1
bushnel,1
busi,66
busier,1
bust,1
buster,2
busti,1
bustl,2
butcher,1
butt,2
butterfield,1
buttock,2
button,17
buyer,5
buyout,5
buzz,2
bye,1
bygon,1
bylaw,5
bypass,2
byproduct,1
byrn,1
byron,2
bywai,1
cab,2
cabana,1
caber,1
cabin,88
cabinet,6
cabl,4
cabot,3
cac,1
cach,1
cacti,1
cactu,7
cad,4
cae,1
caf,6
cafe,8
cafeteria,5
cage,5
cagliari,1
cai,1
cair,1
cake,1
cal,2
calcul,34
calculu,1
caleb,1
calendar,103
calf,1
calibr,1
calico,3
california,37
californian,3
call,26
callawai,4
callback,8
callow,1
calm,1
calor,1
calori,5
calpac,1
cam,11
cama,1
camb,2
cambodia,2
cambridg,4
cambridgeshir,4
camelback,5
camera,5
cameron,2
camino,3
camogi,1
camp,44
campaign,21
campbel,2
campfir,1
campground,8
campsit,5
campu,9
campus,3
can,2
canada,14
canadian,5
canal,33
canap,1
canasta,3
cancel,25
cancer,18
candi,2
candid,4
candida,1
cane,2
canin,1
cannabi,1
cano,10
canopi,2
canterburi,3
cantina,1
cantones,5
canut,1
canva,1
canyon,40
cap,6
capabl,12
capac,2
cape,3
caper,1
capit,44
capitol,1
capston,1
capsul,1
captain,6
captainci,2
captiv,7
captur,3
car,45
carac,1
caramel,1
caravan,9
carbon,5
carcinoma,1
card,107
cardhold,1
cardiac,1
cardiff,1
cardin,1
cardiolog,4
cardiopulmonari,1
cardiovascular,2
care,217
career,228
carefre,3
carefulli,2
carei,1
carer,6
caret,1
carf,2
cargo,4
cari,2
carib,2
caribbean,2
carlisl,3
carlo,2
carlton,1
carmel,2
carn,1
caro,1
carol,1
carolin,1
carolina,2
carousel,1
carp,1
carpal,2
carpet,4
carport,1
carri,6
carriag,3
carrier,4
carrillo,1
carrol,1
carrom,1
carson,1
cart,56
cartilag,1
cartoon,5
cartridg,2
cartwright,2
caru,1
carv,2
carver,1
casa,7
cascad,1
cash,22
cashion,1
casino,28
casita,4
cast,18
castellano,1
castl,6
casual,4
casualti,2
cat,5
cataclysm,2
catalan,1
catalog,12
catalogu,5
catalyst,3
catamaran,1
catan,1
catanzaro,1
catapult,1
cataract,5
catarrh,1
catastroph,3
catch,11
categor,2
categori,75
cater,28
catfight,1
cathedr,1
catherin,1
cathol,1
catteri,1
caught,4
caus,6
causal,1
causat,1
caution,1
cautiou,2
cave,9
cavern,2
caviar,1
caviti,4
cbd,1
cc,2
cca,3
ccsa,1
ccw,1
cd,6
ce,1
ceas,3
cedar,6
ceil,1
celeb,2
celebr,21
cell,7
celtic,5
cemeteri,1
censu,3
cent,2
centenari,1
center,16
centr,55
central,49
centric,4
centuri,9
ceo,4
cep,1
ceram,3
ceremoni,2
certif,61
certifi,21
cessat,1
cet,1
cfa,1
cfb,2
cfd,1
cfo,2
cfp,3
cga,1
cge,2
cgm,1
cha,1
chaco,1
chad,1
chaffin,1
chain,8
chair,15
chairperson,1
chalet,5
chalkboard,1
challeng,41
chamber,7
champion,29
championship,17
chanc,10
chancellor,1
chandler,16
chang,71
channel,30
chao,4
chaplainci,1
chapman,1
chappel,1
chapter,9
char,1
charact,18
characterist,5
charg,15
charger,1
charit,3
chariti,45
charl,2
charleston,1
charli,2
charlott,3
charlton,1
charm,10
chart,8
charter,69
chase,8
chaser,1
chat,28
chateau,1
chatom,1
chattanooga,1
chatter,1
che,1
cheap,5
cheat,19
cheater,1
check,124
checker,5
checklist,5
checkmat,1
checkoff,1
checkout,27
checkpoint,4
checkup,5
cheechako,1
cheek,3
cheeki,1
cheer,2
cheerlead,1
chees,1
chef,3
chefornak,1
chelat,1
chelsea,12
chem,1
chemic,5
chemistri,10
chemotherapi,1
chena,3
chequ,1
cherish,1
cherri,3
cheryl,1
cheshir,7
chess,26
chessdom,1
chest,2
chester,3
chesterfield,2
chestnut,1
chevak,1
chi,1
chicago,4
chick,2
chicken,1
chief,5
chignik,1
child,68
childhood,16
children,62
chile,1
chill,2
chiltern,2
chimnei,1
chin,5
china,3
chines,14
chino,2
chinook,1
chip,5
chipper,1
chiricahua,1
chiro,1
chiropract,23
chiropractor,17
chloe,1
choic,28
cholesterol,1
cholla,1
choos,80
chose,1
chosen,2
chouett,1
chri,5
christ,3
christchurch,1
christensen,1
christian,12
christin,1
christma,25
christmastim,1
christoph,3
chrome,10
chronic,3
chronicl,3
chronomet,1
chubbi,5
chuck,1
chugiak,1
chum,1
church,8
ci,2
cibola,1
cic,1
cincinnati,1
cinema,2
cinemat,1
circa,1
circl,11
circuit,5
circul,1
circumst,5
cisco,1
citadel,1
citi,89
citizen,4
citizenship,3
citrin,1
citru,1
civic,1
civil,9
civilis,1
clai,1
claim,41
clair,1
clam,1
clamp,2
clan,5
claret,2
clarion,1
clariti,3
clark,3
clarkdal,1
clarkson,1
clash,2
class,81
classi,1
classic,36
classif,1
classifi,9
classroom,11
claus,1
claw,2
clayton,1
clea,1
clean,49
cleaner,2
cleanli,1
cleans,1
clear,1
clearanc,9
clearest,1
cleari,1
clearinghous,1
clearview,2
clearwat,1
cleat,1
cleburn,1
clemen,1
clemson,1
cleopatra,1
clermont,1
cleveland,5
clever,4
click,13
client,146
clientel,2
cliff,4
clifton,1
climat,12
climb,8
climber,1
clinic,56
clinician,1
clinton,1
clip,6
clive,1
clock,5
cloi,1
cloister,1
clone,2
close,201
closeli,2
closer,1
closest,1
closeup,1
closur,5
cloth,25
cloud,11
clover,1
club,133
clubhous,1
clue,2
clueless,1
cluster,1
clutch,1
clyde,1
clydebank,1
clydesdal,1
cm,4
cma,1
cmc,1
cmi,1
cmt,2
cnr,1
coach,50
coachman,1
coalit,4
coast,18
coastal,10
coaster,1
coastlin,2
coat,3
cobra,2
cocain,1
cochlear,1
cock,10
cockpit,1
cocktail,2
cod,4
code,42
coder,1
codi,1
coffe,8
cog,1
cohen,1
coher,1
cohes,2
coho,1
cohort,1
coil,1
coin,5
colchest,1
cold,8
cole,1
colett,1
colic,1
collabor,16
collag,1
collaps,3
collar,1
colleagu,1
collect,56
collector,6
colleen,1
colleg,53
colli,1
collid,1
collin,1
collinsvil,1
collis,1
colombia,2
colombian,1
colon,2
coloni,2
colonoscopi,1
color,9
colorado,9
colosseum,1
colour,5
colt,1
columba,1
columban,1
columbia,5
columbu,2
column,8
comb,1
combat,7
combin,18
combo,3
come,22
comeback,4
comedi,2
comfi,1
comfort,47
comic,5
comm,1
comma,1
command,11
commando,1
comment,41
commentari,8
commerc,6
commerci,74
commercialis,4
commiss,8
commit,36
committe,33
commod,1
commodor,3
common,23
commonplac,1
commonwealth,1
commun,210
como,1
comp,5
compact,3
compani,146
companion,4
compar,18
comparison,3
compass,4
compassion,7
compat,4
compel,1
compendium,1
compens,5
compet,14
competit,35
competitiveli,3
competitor,4
compil,7
complaint,8
complement,1
complementari,2
complet,46
completeli,6
complex,23
compli,2
complianc,20
compliant,2
complic,2
complimentari,9
compon,5
compos,4
composit,12
compound,4
comprehens,42
compress,2
compris,5
compromis,2
compuls,2
compulsori,1
comput,16
comstock,1
comunidad,1
conan,1
conced,1
concentr,1
concept,6
concern,12
concert,6
concess,1
concierg,7
conclav,1
conclud,1
conclus,1
concurr,1
cond,1
condemn,1
condens,1
condit,64
condo,9
condominium,1
conduct,9
cone,3
confer,38
confess,1
confid,23
confidenti,5
configur,2
confin,3
confirm,12
conflict,7
confront,2
confus,4
congest,1
congrat,1
congratul,3
congress,3
conle,1
connacht,2
connaught,1
connect,58
connected,1
connecticut,3
connor,1
conquest,2
conrad,1
conscienti,1
consciou,3
consecut,1
consensu,1
consent,15
consequ,1
conserv,5
conservatorship,1
consid,4
consider,2
consist,10
consol,11
consolid,6
constant,2
constantin,1
constantli,2
constitut,5
construct,48
consult,137
consulta,1
consum,31
contact,17
contain,5
contemporari,4
content,9
contest,11
context,1
contin,2
continent,2
conting,4
continu,58
continuousli,2
continuum,2
contour,8
contra,2
contracept,1
contract,22
contractor,8
contrari,1
contrast,2
contribut,12
contributor,2
control,52
controversi,6
conveni,23
convent,11
convers,12
conversationist,1
convert,2
conveyanc,1
conveyor,1
convict,4
conwai,3
cooch,1
cook,11
cookbook,1
cooker,1
cooki,47
cookout,2
cool,10
coolest,1
cooper,4
coordin,3
cop,2
cope,1
copi,2
copilot,1
copper,11
copyright,1
copywrit,1
coquina,1
cor,1
cord,4
cordova,1
core,22
corei,1
cori,2
cork,1
corlei,1
corn,1
cornea,2
corneal,1
corner,14
cornerston,2
cornish,3
cornvil,1
cornwal,21
corona,4
coronari,1
coronaviru,8
corp,1
corpor,105
correct,7
correctli,7
correspond,1
corri,1
corridor,2
corrupt,1
cortex,1
corvett,1
cosec,1
cosi,1
cosmet,78
cosmic,1
cosmo,1
cost,48
costa,4
costli,3
costum,3
cottag,46
cotter,3
cottonwood,6
couch,1
cougar,3
cough,1
council,24
counsel,15
counsellor,1
counselor,3
count,13
countdown,1
counter,6
counterbal,1
counterfeit,1
counti,35
countless,2
countri,44
countrysid,6
coupl,10
coupon,4
courier,5
cours,110
court,16
courtesi,2
courtnei,1
courtyard,3
cousin,2
cove,5
covent,1
coventri,2
cover,47
coverag,17
covid,50
cow,1
cowboi,3
cowgirl,1
cowri,1
cox,1
cozi,13
cp,4
cpa,2
cpc,3
cpd,10
cpe,1
cpr,2
cpu,1
crab,2
crack,5
cracker,1
cradl,1
craft,17
crafter,1
craftsmen,1
craig,1
crane,4
craniosacr,1
crap,2
crash,5
crater,2
crave,1
craven,1
crawler,1
crazi,6
creasi,1
creat,95
creation,6
creativ,20
creator,5
creatur,6
credenti,10
credit,90
creditor,9
credo,1
creed,2
creek,29
creeksid,5
creel,1
crenshaw,1
crescent,4
crest,2
crestlin,1
crew,11
cribbag,6
cribbl,1
cricket,38
crime,11
crimin,9
crimson,1
crisi,6
cristal,1
cristiano,4
criteria,2
critic,6
croatia,2
croatian,2
croi,1
croner,1
cronin,1
crook,2
crop,1
croquet,1
cross,14
crossbow,1
crossov,1
crossroad,1
crossword,2
crouch,1
croupier,1
crow,2
crowd,3
crown,49
croydon,1
cruce,1
crucibl,1
crud,1
cruelest,1
cruikshank,1
cruis,21
crummock,1
crusad,1
crush,5
crutch,2
crux,1
cruz,2
cryptic,1
crypto,2
cryptogram,1
crystal,9
csa,1
csn,1
csr,3
css,2
ct,5
cta,1
cte,2
ctr,1
cub,2
cube,5
cuber,1
cuckold,9
cue,1
cuff,2
cuisin,4
culinari,4
cullman,2
cult,1
cultiv,2
cultur,35
cum,3
cumberland,1
cumbria,14
cumbrian,2
cumul,1
cup,22
curb,1
cure,3
curi,1
curios,1
curiou,2
curl,1
currenc,11
current,75
curri,1
curricula,1
curricular,2
curriculum,47
curs,1
curt,1
curtain,2
curti,1
curv,5
curvi,2
cushion,1
custod,1
custodi,4
custodian,1
custom,115
customiz,2
cut,7
cute,6
cutest,1
cutleri,1
cutoff,1
cva,2
cw,1
cwc,1
cyanid,1
cycl,26
cyclist,1
cyclon,1
cygnet,1
cymraeg,2
cynthia,1
cypru,1
czar,1
czech,7
da,6
dabb,1
dad,4
daddi,2
daft,1
daftar,3
dai,52
daili,28
daisi,4
dale,4
dalla,4
dalton,1
damag,4
daman,1
damien,1
damon,1
damsel,1
dan,8
dana,1
danc,10
dancer,1
dandi,1
danger,7
daniel,9
danilo,1
danish,3
danmark,1
danni,2
dansk,8
dant,1
danvil,1
daphn,1
dar,1
dare,2
dari,1
dark,13
darken,1
darlington,2
darr,3
darren,1
dart,3
darwin,1
dash,2
dashboard,6
data,62
databas,21
date,28
datum,1
daughter,5
daunt,1
dauphin,2
dave,2
davi,3
david,10
dawn,2
dawson,2
daykin,1
daylight,2
dazzl,2
db,3
dc,6
dcc,1
dd,23
dda,1
ddc,1
de,2
deacon,1
dead,3
deadli,2
deadlin,4
deadwood,1
deaf,9
deal,54
dealer,7
dealt,2
dean,2
death,13
deb,1
debat,5
debbi,1
debit,14
debra,2
debt,23
debu,1
debut,3
decad,12
decai,4
decarbonis,1
decatur,1
decid,10
decim,1
decis,23
deck,21
declar,6
declin,3
decompress,7
decongest,1
decontamin,1
decor,5
decreas,2
dedic,50
deduct,3
dee,4
deed,2
deep,12
deeper,1
deepest,1
deepli,1
deer,3
defacto,1
default,2
defeat,4
defect,3
defenc,5
defend,6
defens,17
defibril,1
defin,6
definit,10
defunct,1
deg,2
degener,2
degre,11
del,6
delai,3
delawar,1
dele,1
deleg,1
delet,4
delgado,1
delhi,2
deli,2
deliber,1
delic,1
delicaci,1
delici,3
delicioso,1
deliciousli,1
delight,6
deliv,47
deliveri,48
delta,4
delux,11
delv,3
dem,1
demand,11
dementia,4
demi,1
demo,25
democraci,3
democrat,1
demograph,3
demolit,2
demon,2
demonstr,1
demystifi,1
den,4
deng,1
denim,1
denis,1
denmark,1
dennett,1
denni,5
densiti,3
dental,112
dentist,83
dentistri,86
dentur,32
depart,61
departur,8
depend,7
depict,4
deport,1
deposit,23
depot,1
depress,6
dept,1
depth,12
derbi,5
derbyshir,1
derek,1
dermal,4
dermat,1
dermatolog,3
derwentwat,1
descend,2
descript,8
descriptor,1
desd,1
desert,16
deserv,14
desi,3
desiderata,1
design,114
desir,5
desk,6
desktop,7
desoto,1
despair,1
despatch,1
despic,1
dessert,2
destin,46
destini,1
destroi,3
detach,1
detail,58
detect,3
determin,5
detox,2
detroit,2
deutsch,20
deutschland,1
dev,4
develop,135
development,2
devic,25
devil,1
devon,3
devot,4
dew,1
dewei,3
dewhirst,1
df,1
dhabi,1
diabet,9
diablo,4
diagnos,3
diagnosi,7
diagnost,7
diagram,2
dial,2
dialect,1
dialog,4
dialogu,1
diamet,1
diamond,13
dian,1
diaper,1
diari,9
dice,7
dick,6
dickinson,1
dickson,2
dictionari,2
diego,4
diehard,1
diesel,2
diet,7
dietz,1
differ,21
difficult,7
difficulti,7
dig,4
digest,4
digit,67
digress,1
dii,1
dildo,1
dilemma,3
dilig,3
dillingham,2
dim,1
dimens,1
dimension,1
dimli,1
dinar,1
dine,71
dinner,9
dino,3
dinosaur,4
dioces,1
dip,1
diploma,5
diplomaci,1
dire,1
direct,97
director,56
directori,80
dirt,2
dirti,2
disabl,38
disagre,1
disappoint,4
disast,2
disc,3
discard,2
discharg,2
discipl,1
disciplin,1
disciplinari,2
disclaim,10
disclos,1
disclosur,8
discolor,1
disconnect,3
discontinu,1
discord,5
discount,23
discov,63
discoveri,14
discreet,2
discret,2
discretionari,1
discrimin,5
discuss,28
diseas,26
disentangl,1
dishwash,1
disinfect,1
disini,3
disk,1
dislik,1
dismember,1
dismiss,3
disnei,3
disord,3
dispar,1
dispatch,2
dispens,1
dispensari,1
displac,1
displai,21
dispos,1
disput,14
dissolv,1
distanc,6
distant,1
distinct,6
distinctli,1
distinguish,1
distress,1
distribut,10
distributor,9
district,113
distrust,1
div,3
dive,10
diver,2
diverg,1
divers,36
diverseli,1
diversifi,1
divestitur,1
divid,1
dividend,1
divis,12
divorc,9
divot,1
dix,1
dixi,1
dixon,3
dizzi,1
dj,1
dlc,1
dlp,1
dm,1
dma,1
dmd,15
dmv,1
dna,1
do,1
dobson,1
doc,6
dock,8
doctor,72
document,41
documentari,2
dodd,2
dodger,1
dog,37
doggi,1
dogsl,1
dogwood,1
doit,1
dojo,2
doll,2
dollar,11
dollhous,2
dolli,3
dolor,2
dolphin,2
domain,9
dome,3
domest,8
domicil,2
domiciliari,1
domin,5
dominican,1
domino,2
donaho,1
donald,3
donaldson,1
donat,55
donetsk,1
donkei,3
donna,2
donni,1
donor,5
doo,1
door,15
doorbel,3
doorstep,2
dora,1
dorina,1
dorothi,1
dorset,4
dortmund,1
dose,2
doss,1
dot,5
dothan,1
doubl,17
doubt,3
doug,2
dougla,6
down,24
downhil,1
download,90
downtown,30
dozen,2
dp,1
dpc,1
dpm,1
dr,98
draft,8
draftsman,1
draftsmen,1
drag,1
dragon,14
dragoon,1
drain,1
drake,2
dram,1
drama,2
dramat,1
drank,1
drape,1
draught,2
draw,21
drawn,2
drayton,1
dre,1
dream,21
dress,5
drew,2
drg,1
dri,1
drift,1
driftwood,1
drink,30
drive,65
driven,4
driver,26
drivewai,1
drool,1
drop,15
dropout,1
droppingli,1
drove,1
drown,2
drug,15
druid,1
drum,2
drunk,3
dry,14
dryad,1
dryer,1
ds,4
dsa,1
dual,6
dubai,4
dublin,1
duboi,1
ducato,1
duck,5
dud,1
dude,5
due,2
duel,1
duet,1
dug,1
duggan,1
dui,6
duke,6
dulc,1
dum,1
dumfri,1
dumper,1
duncan,1
dundalk,2
dunde,1
dungeon,6
dunn,2
duo,8
duplic,5
dura,1
durabl,4
durat,5
durham,4
durst,1
dusk,1
dust,3
dutch,7
duti,14
dutton,2
duxburi,1
dvm,1
dwarf,1
dweller,1
dwi,4
dylan,2
dynam,13
dynamit,1
dynasti,1
dysfunct,1
dyslexia,6
ea,2
each,45
eager,1
eagl,11
eal,2
ear,10
earla,1
earlier,1
earliest,2
earn,15
earth,9
eas,5
easel,1
easi,45
easier,5
easiest,1
easili,11
east,46
easter,3
eastern,4
eastsid,4
eastwood,1
eat,23
eater,1
eb,1
eba,2
eboni,6
ec,3
ecb,2
ecg,1
echo,1
echocardiogram,1
eco,9
ecolog,1
ecom,1
econom,16
economi,4
ecospher,1
ecosystem,2
ect,1
ecuador,1
eczema,1
ed,1
eddi,2
eden,2
edg,21
edgewat,2
edgewood,1
edi,3
edinburgh,7
edit,23
edith,1
editor,11
editori,4
edmondson,1
edson,1
educ,199
edward,5
eeg,2
eek,1
effect,27
effectiveli,5
effici,6
effort,3
effortless,1
effortlessli,2
efl,1
eft,1
egan,1
egg,4
ego,1
egress,1
egret,1
egypt,1
egyptian,1
ehr,6
ei,2
eighteen,1
ein,1
ejacul,1
el,9
elana,1
elast,3
elba,1
elbow,1
elc,1
elden,1
elder,4
elderberri,1
elderli,4
eldon,1
eldr,1
elect,17
electr,28
electrician,2
electrifi,1
electro,1
electroencephalogram,1
electromagnet,1
electromyogram,1
electron,17
eleg,1
elem,2
element,3
elementari,59
elena,1
eleph,1
elev,7
elf,1
eli,2
elia,2
elig,4
elijah,1
elimin,2
elit,6
elizabeth,1
elizabethan,1
elk,1
ella,1
elli,2
elliott,2
ellipt,2
ellsworth,1
elop,2
elt,1
elus,1
em,8
ema,1
embark,1
embassi,1
embezzl,1
embodi,3
embrac,1
embroideri,2
embryo,1
emerald,2
emerg,63
emeri,1
emigr,1
emili,2
emir,1
emiss,2
emma,3
emori,1
emot,7
empeopl,1
emperor,1
emphas,3
emphasi,2
emphat,1
empir,5
emploi,7
employ,96
employe,38
empow,21
emr,3
emt,1
emul,6
ena,1
enabl,37
enact,1
enchant,8
enclos,1
encount,5
encourag,10
encyclopedia,4
endear,1
endeavor,2
endeavour,1
endgam,4
endless,3
endodont,11
endometriosi,1
endors,6
endoscopi,1
endow,2
endur,1
endymion,1
enemi,2
energ,1
energi,23
energis,1
enforc,8
enfranchis,1
eng,1
engag,36
engin,35
england,40
english,72
engrav,2
enhanc,15
enigma,2
enigmat,1
enjoi,74
enjoy,5
enlarg,4
enlighten,1
enorm,3
enquir,6
enquiri,35
enrich,6
enrol,32
ensur,28
ent,2
enter,64
enterpris,14
entertain,31
enthusiasm,2
enthusiast,6
entir,9
entiti,3
entitl,2
entranc,16
entrench,1
entrepreneur,13
entrepreneuri,2
entri,12
envelop,1
environ,20
environment,21
envis,1
envisag,1
epa,2
ephemera,2
epic,4
epicondyl,1
epidem,2
epilepsi,1
episod,7
epl,2
epsom,1
ept,1
eq,1
equal,15
equestrian,4
equin,1
equip,80
equiti,27
equiv,4
era,6
erectil,1
ergo,1
ergonom,1
eric,3
erica,2
erin,1
erisa,1
ernest,2
erot,5
erotica,1
erp,2
errata,1
error,11
erupt,1
esc,9
escal,3
escap,24
escort,7
escrow,2
esk,2
eskdal,1
eski,1
eso,1
esophag,1
espanol,2
essai,1
essenc,1
essenti,20
essex,5
est,1
esta,1
establish,34
estat,33
esthet,3
esthetician,1
estim,4
estrella,2
estrogen,1
estuari,1
et,1
etern,3
etf,1
ethic,15
ethiopia,1
ethnic,2
etho,6
ethylen,1
etiquett,2
eto,1
ettrick,1
eu,8
euchr,2
eudora,2
eufaula,1
eugeni,1
eur,10
eureka,20
euro,14
europ,18
europa,7
european,21
euskara,1
ev,7
evacu,3
evalu,11
evan,3
evelyn,1
even,11
event,270
evergreen,2
everton,4
everydai,9
evict,1
evid,3
evil,3
evok,2
evolut,1
evolv,8
exacerb,1
exam,41
examin,12
exampl,5
excav,5
exce,2
excel,49
except,17
excess,4
exchang,15
excit,18
exclud,2
exclus,14
exclusiveli,1
excurs,9
excus,1
exec,2
execut,32
exemplari,1
exempt,3
exercis,19
exet,2
exhibit,8
exhibitor,2
exhilar,1
exist,22
exit,19
exot,1
expand,24
expans,11
expatri,1
expect,23
expedit,5
expens,11
experi,25
experienc,52
expert,84
expertis,32
expertli,3
expir,2
explain,9
explan,2
explicit,5
explod,1
exploit,3
explor,103
explos,3
expo,3
exponenti,1
export,3
expos,1
exposur,6
express,15
exquisit,1
exquisiteli,1
extend,17
extens,19
extensiveli,1
exter,1
extern,17
extra,20
extract,17
extracurricular,1
extradit,1
extraordinari,5
extrem,12
extremeli,6
extrud,1
extrus,1
ey,27
eyebrow,1
eyeglass,4
eyelid,6
eyesight,1
eyewear,2
fa,2
fab,1
fabric,2
fac,1
face,7
facelift,7
facet,1
facial,14
facil,45
facilit,10
faction,3
factor,3
factori,4
factual,1
faculti,14
fad,1
fade,1
fail,1
failur,2
fair,13
fairbank,14
fairhop,1
fairi,1
fairwai,7
faith,10
fake,1
fall,27
fallen,3
fallout,1
falmouth,3
fam,1
fama,1
fame,10
famili,218
familiar,2
famou,11
fan,22
fanat,1
fanci,1
fandom,1
fantasi,20
fantast,5
faq,153
faradai,1
fare,1
farewel,1
fargo,1
farm,16
farmer,3
farmhous,3
farmvil,1
farnham,1
fascin,3
fashion,5
fast,28
fasten,1
faster,4
fastest,5
fat,6
fate,2
father,5
fault,2
fauna,3
favorit,18
favourit,4
fawk,1
fax,12
fayett,1
fayettevil,5
fb,2
fbi,1
fc,14
fca,1
fd,4
fda,1
fdic,3
fe,1
fear,4
fearless,1
fearsom,1
feast,1
feather,2
featur,92
feder,57
fee,46
feed,7
feedback,25
feel,26
feet,5
felix,1
fell,6
fellow,3
fellowship,2
feloni,1
femal,3
femor,1
fenc,1
fentanyl,1
ferguson,1
ferm,1
fern,1
fernando,1
ferri,4
fertil,2
fest,2
festiv,12
fetal,1
fetch,2
fetish,3
feudal,1
fever,4
few,20
ff,1
fgc,1
fha,1
fianc,1
fianna,1
fiber,1
fibroid,1
fiction,3
fiddl,1
fiddlestick,1
fidel,2
fiduciari,2
field,33
fiendish,1
fieri,1
fiesta,1
fight,16
fighter,3
figur,8
file,38
filipina,1
filipino,2
fill,33
filler,7
film,14
filter,13
fin,1
final,30
financ,111
financi,124
find,13
finder,14
findlai,2
fine,12
finess,1
finest,13
finger,2
fingertip,1
finial,1
finish,12
finit,1
finland,1
finn,1
fir,1
fire,3
firebal,1
firefight,2
fireman,1
fireplac,4
firesid,1
firewe,1
firewood,1
firework,2
firm,80
firmli,1
firmwar,1
fiscal,1
fish,63
fisheri,1
fisherman,2
fishermen,3
fishi,1
fist,4
fit,64
fitter,2
fitzgerald,1
fitzpatrick,1
fix,12
fixtur,16
fjord,7
fl,3
flag,4
flagship,2
flagstaff,15
flame,2
flamingo,1
flare,1
flash,9
flasher,2
flashlight,1
flat,15
flatmat,1
flavor,3
flawless,1
flea,1
fleec,1
fleet,20
fletcher,1
flexibl,15
flick,1
flight,11
flint,1
flip,2
flipper,1
flippin,3
flirtat,1
float,5
flood,3
floor,13
flora,3
florenc,4
florida,6
floss,8
flow,8
flower,5
floyd,1
flu,2
fluctuat,1
fluenc,1
fluid,1
fluorid,8
flush,1
flute,1
fly,9
fm,2
foam,2
focu,26
focus,21
foe,1
foia,2
foil,1
fold,2
foldabl,1
folder,8
folei,1
folic,1
folk,2
folli,1
follicular,1
follow,46
fondest,1
font,3
foobar,1
food,59
foodi,1
fool,2
foot,9
footbal,63
footer,34
foothil,2
footpath,1
footprint,3
footsi,1
footwear,5
footwork,2
forb,2
forbidden,1
forc,13
ford,2
fordham,1
forearm,1
forecast,9
foreclosur,1
forefront,3
foreign,10
foreland,1
foreman,1
forens,2
foresight,1
forest,21
forestland,1
forestri,3
forex,2
forfeitur,2
forg,2
forget,5
forgot,26
forgotten,4
fork,3
forklift,5
forlorn,1
form,163
forma,1
formal,5
format,18
formul,1
formula,3
fort,12
fortifi,1
fortitud,1
fortun,3
forum,62
forward,1
fossil,1
foster,7
fought,1
found,17
foundat,43
founder,5
fountain,1
foursom,1
fourteen,1
fourth,1
fowei,1
fowler,1
fox,12
foxglov,1
foxhal,1
foxi,2
fp,1
fpa,1
fra,1
fraction,3
fractur,3
fragment,3
frame,17
frameless,1
framework,11
fran,18
franc,4
franchis,11
francisco,4
frank,2
franklin,6
fraser,2
fraud,11
fraudul,2
freak,2
freaki,1
fred,2
frederick,1
freed,1
freedman,1
freedom,9
freelanc,1
freeli,1
freestyl,1
freez,2
freezer,2
freight,2
french,23
frequenc,2
frequent,29
fresh,10
freshen,1
freshli,1
freshman,5
freshwat,1
fresno,3
fri,18
friction,1
fridai,45
fridg,2
friend,43
friendli,66
friendliest,1
friendship,3
frighten,1
frisco,2
friski,1
frizzl,1
frog,1
frontag,1
frontier,4
frost,1
frozen,1
fruit,3
fruitdal,1
fruithurst,1
fsa,1
ft,5
fuck,14
fuel,2
fuell,1
fulfil,6
fulham,1
fume,1
fun,52
function,23
fund,59
fundament,3
funder,1
fundrais,7
fungu,1
funki,1
funni,3
fur,3
furi,3
furiou,2
furl,1
furnac,1
furnish,9
furnitur,7
furri,3
further,17
furz,1
fusion,2
fuss,1
fut,1
futur,54
futuro,1
ga,8
gabbi,1
gabl,1
gabriel,1
gadget,3
gadsden,3
gael,1
gaelic,2
gage,2
gai,19
gail,1
gain,14
gainer,1
gaiter,1
gal,1
gala,3
galact,2
galaxi,3
galena,1
galer,1
gali,1
galileo,1
galla,1
gallagh,1
gallbladd,1
galleri,161
galor,1
galwai,1
gambit,1
gambl,8
gambler,1
game,263
gamer,5
gamet,1
gamma,1
gammon,1
gang,5
gangbang,6
gantri,1
gap,8
gape,1
gar,1
garag,1
garcia,2
garden,13
gardendal,1
garfield,1
gari,3
garland,1
garment,2
gastineau,2
gastric,1
gastrointestin,1
gate,8
gatewai,8
gather,18
gatsbi,1
gaug,1
gavin,1
gaya,1
gayl,1
gaze,2
gazebo,2
gazett,1
gba,4
gcc,1
gce,1
gci,2
gear,16
ged,2
geek,3
gel,1
gem,4
gemini,1
gemston,1
gen,1
gender,6
gene,2
genealog,2
gener,28
genesi,4
genet,4
geneva,1
geneviev,1
genoa,1
genr,4
gentl,9
genuin,4
genuineli,1
geo,1
geod,1
geodes,1
geoff,1
geograph,1
geographi,1
geologi,3
georg,5
georgia,7
georgian,1
ger,1
gerard,1
german,23
germani,4
germantown,1
gestur,1
getawai,23
getter,1
ghost,5
giant,8
gift,82
gig,3
giga,1
gigabyt,1
gigl,1
gilbert,16
gile,1
gill,2
gillespi,1
gilligan,1
gillingham,1
gilpin,1
gin,6
ginger,1
gingivectomi,1
ginseng,1
girard,1
girdwood,2
girl,15
girlfriend,2
gist,2
giveawai,3
givin,1
glacier,29
glad,4
gladi,1
glamor,1
glanc,3
gland,1
glare,1
glasgow,9
glass,7
glaucoma,4
glazer,1
glendal,6
glenn,1
glennallen,1
glider,1
glitch,1
global,34
globe,4
gloriou,1
glossari,5
gloucest,1
gloucestershir,1
glove,11
glow,2
glucos,2
glue,1
glug,1
gmat,1
gmbh,1
gnome,2
goa,1
goal,41
goalkeep,3
goat,1
god,3
gofer,1
goggl,1
gol,1
gold,13
goldberg,2
golden,5
goldfarb,1
goldstein,1
golf,46
golfer,3
goliath,1
gonzal,1
gonzo,1
good,1
goodby,1
goodi,1
goodyear,5
gopher,1
gordo,1
gordon,2
gore,1
gorg,2
gorgeou,2
gossip,2
goth,1
goto,1
gotta,1
gottlieb,2
gourmet,2
govern,53
government,2
governor,2
gow,1
gp,1
gpl,1
gpss,1
gra,1
grab,1
grade,13
graduat,19
graft,8
graham,6
grai,4
grain,1
granari,1
grand,54
grandchildren,1
grandest,1
grandmast,3
grandpa,2
grang,1
grangemouth,1
granni,11
grant,17
grape,1
grapevin,1
graphic,10
grasmer,1
grass,1
grassroot,4
grate,3
grati,1
grave,2
gravel,7
graviti,1
grayl,2
gre,2
greas,1
greatli,2
greco,1
greec,4
greek,7
green,21
greenawai,1
greenbank,1
greenbrier,1
greenhous,1
greenock,1
greensboro,1
greenvil,1
greenwai,1
greenwood,2
greer,2
greet,1
gregori,2
grei,5
gretchen,1
grid,5
grief,2
griev,1
grievanc,2
griffith,1
grill,12
grimsbi,1
grind,3
grip,5
grizzli,2
grose,1
gross,1
grotto,1
ground,16
grove,4
grow,34
grower,1
grown,4
growth,30
gry,1
gu,1
guadalajara,1
guam,1
guano,1
guarante,25
guaranti,1
guard,9
guardhous,1
guardian,5
guardianship,3
guatemala,2
gud,1
guenther,1
guernsei,1
guess,6
guest,88
guesthous,2
gui,4
guid,185
guidanc,16
guidelin,9
guild,5
guildford,2
gulch,1
gulf,11
gum,22
gummi,2
gun,2
gunn,2
gunner,2
gur,2
guru,3
gustafson,1
gustavu,5
gut,3
gym,13
gymnast,3
gyn,1
gynaecolog,1
gynecolog,5
gynecomastia,2
gypsi,1
haa,1
habitud,1
hacienda,1
hack,5
hacknei,1
hadfield,1
hadrian,1
hai,2
hail,1
hain,7
hair,12
hairdress,1
hairi,5
halcyon,2
hale,1
halfwai,2
halibut,3
halitosi,1
hall,27
hallow,1
halloween,1
hallwai,1
halo,1
halpern,2
ham,2
hamburg,1
hamilton,2
hamish,1
hamlet,2
hammer,1
hammerto,2
hammond,1
hampshir,5
hampton,2
han,1
hand,48
handbal,1
handbook,16
handcraft,2
handi,2
handicap,3
handl,22
handler,1
handmad,1
handout,2
handpiec,1
handrail,1
handwrit,1
hang,3
hangar,1
hanger,2
hangout,1
hanna,1
hanoi,1
hansom,1
hanya,1
happen,18
happi,30
happier,2
har,2
harass,6
harbor,11
harbour,1
hard,33
hardcor,8
harden,2
hardman,1
hardship,1
hardtail,3
hardwar,8
hargreav,1
harlan,1
harmless,1
harmoni,1
harri,3
harrier,1
harrisburg,1
harrison,2
harsh,1
hartlepool,1
hartman,1
hartsel,1
harvei,1
harvest,5
harwood,1
hash,1
haslam,1
hassl,5
hasta,1
hasti,1
hat,7
hatch,1
hatcher,1
hate,4
haulag,2
haulier,1
haunt,1
hauser,1
havasu,6
have,20
haven,1
havoc,2
hawaii,2
hawlei,1
hayward,1
hazard,1
hazel,2
hb,1
hcb,1
hcr,1
hd,22
hdr,1
head,27
headach,6
header,6
headland,1
headlin,9
headmast,1
headquart,4
headwear,3
heal,15
healer,1
heali,3
health,185
healthcar,47
healthi,35
healthier,2
healthiest,3
hear,22
hearn,1
heart,50
heartbeat,1
heat,14
heather,1
heaven,2
heavi,5
heavili,1
heavyweight,1
hebrew,1
heck,1
hecla,1
heel,4
hei,1
height,14
heinz,1
heir,1
held,11
helen,1
helena,1
heli,1
helicopt,9
hellen,1
helmet,3
help,79
helper,3
hemlock,1
hemodynam,1
hemorrhoid,1
hempstead,1
hen,1
henderson,3
hendon,1
hendrick,1
hennessi,1
henri,4
henriqu,2
herald,2
herb,1
herbal,2
herd,1
herdwick,1
here,185
hereford,3
hereward,1
heritag,11
hermosa,1
hermosillo,1
hernia,1
hero,15
heron,4
herrera,1
herriot,1
herself,1
hershei,1
hertfordshir,4
herzegovina,1
hesit,1
hesketh,2
hess,1
hessler,1
hewitt,1
hewlett,1
hewn,1
hex,4
heyman,1
heywood,1
hgv,4
hibernian,1
hick,1
hickori,1
hidden,7
hide,6
hideawai,5
hideout,1
higdon,1
higgin,1
higginbotham,1
highland,3
highli,15
highlight,13
highwai,14
higlei,1
hijack,1
hike,39
hiker,2
hilari,1
hill,20
hillcrest,1
hillier,1
hillsborough,1
hillsid,2
hilltop,2
hillview,1
hilton,4
himself,1
hindi,4
hing,1
hint,6
hinton,1
hip,2
hire,28
hiroshima,1
histor,45
histori,174
hit,24
hitch,1
hiv,1
hl,1
hlc,1
ho,1
hoar,1
hoard,1
hob,1
hobart,2
hobbi,5
hobbyist,1
hoc,1
hockei,15
hodg,1
hoe,1
hoffman,1
hogan,2
hoist,1
hold,10
holdal,1
holder,6
hole,5
holidai,70
holist,8
holland,3
holli,1
hollow,3
hollywood,3
holt,1
home,18
homebrew,4
homei,1
homeless,1
homemad,10
homeown,6
homer,19
homestai,2
homestead,4
homewood,2
homework,2
homicid,4
hon,2
hondura,1
hone,1
honei,1
honest,4
honestli,1
honeymoon,6
honeysuckl,1
hong,2
honk,1
honor,8
honorari,1
honore,1
honour,6
hood,3
hoodi,3
hook,4
hookup,1
hoop,2
hoover,2
hop,2
hope,21
hopi,2
hopkin,1
horizon,3
horizont,1
hormon,5
horn,1
hornet,1
horni,2
horrif,1
horror,2
hors,9
horseback,5
horsebox,1
horsesho,3
horticultur,1
horton,1
horwitz,1
hoskin,1
hospic,3
hospit,38
host,49
hostel,5
hostess,1
hot,59
hotel,119
hotkei,1
hotlin,2
hotshot,1
hotspr,1
hotspur,1
hottest,7
hour,73
hourli,2
hous,112
household,2
housekeep,3
housewif,1
houston,1
hove,1
howard,4
howel,1
hoyl,1
hoyt,1
hq,12
hr,1
hualapai,1
hub,40
hubert,1
huddersfield,1
hudson,2
hueytown,1
hug,1
huge,15
hugh,2
hull,3
hum,2
human,33
humankind,1
humanoid,1
humber,1
humbl,2
humboldt,1
hummer,2
hummingbird,2
humor,4
hump,1
humpback,1
hundr,8
hungari,3
hungri,1
hunk,1
hunt,12
hunter,8
huntingdonshir,1
huntsvil,6
hurdl,1
hurl,2
hurri,1
hurrican,5
husband,2
huski,2
hustl,1
hutchinson,1
hux,1
huxlei,1
hvac,2
hwy,2
hyatt,1
hybrid,12
hyderabad,1
hydro,1
hydrofoil,1
hydrotherapi,2
hygien,11
hygienist,1
hype,3
hyper,2
hysterectomi,1
ia,2
iam,1
ian,2
iata,1
ib,5
iba,1
iban,1
iberia,1
ibm,2
ic,10
icc,6
icebreak,3
ici,1
icl,1
icon,14
ict,4
idaho,1
idea,27
ideal,12
ident,4
identifi,5
iditarod,3
idm,1
idyl,1
ig,1
ignit,2
igo,1
iii,8
ik,3
ilford,1
ill,8
illeg,1
illinoi,2
illustr,1
ilyssa,1
im,1
imag,49
imagin,9
imaginari,1
imago,1
immers,11
immigr,6
immobil,1
immort,2
immun,7
impact,34
impair,2
imparti,3
impecc,1
imper,1
imperi,3
imperson,4
implant,61
implaus,1
implement,14
impli,1
implic,1
import,4
importantli,3
impos,1
imposs,1
impress,5
improv,75
in,3
ina,2
inabl,1
incent,6
incept,2
incest,1
inch,2
incid,3
incl,1
inclosur,1
includ,51
inclus,38
incom,8
incompar,1
incompat,1
inconsist,1
incontin,2
inconveni,2
incorpor,4
increas,16
increasingli,2
incred,5
incub,1
ind,3
indec,1
indefiniteli,1
indel,1
indemn,7
independ,57
index,1
indi,6
india,22
indian,22
indiana,4
indianapoli,2
indic,2
indigen,1
individu,79
indonesia,1
indonesian,2
indoor,9
induct,7
indulg,1
industri,89
inevit,2
infant,6
infatu,1
infect,6
inferno,1
infertil,2
infest,1
infin,2
infinit,3
inflat,5
inflex,1
influenc,8
influenti,1
info,214
inform,22
infrar,2
infrastructur,7
infring,2
infus,2
ingram,1
ingredi,3
ingrown,2
inhabit,1
inhal,1
inherit,7
init,2
initi,28
inject,7
injector,1
injur,3
injuri,53
injustic,1
ink,2
inlai,4
inland,1
inlet,5
inn,61
innkeep,6
innoc,4
innov,37
inpati,2
input,3
inquir,2
inquiri,11
insecur,1
insemin,1
insert,1
inset,2
insid,4
insight,51
insit,1
insol,1
insolv,11
inspect,11
inspector,4
inspir,30
instal,16
instanc,2
instant,8
instantan,1
instantli,2
instinct,1
institut,24
instor,1
instruct,52
instructor,16
instrument,5
insur,122
intact,2
intak,3
intang,1
integr,26
intel,1
intellectu,22
intellig,16
intend,6
intens,16
intent,3
inter,2
interact,22
interag,2
intercontinent,1
intercours,1
intercultur,1
interdisciplinari,1
interfac,5
interim,3
interior,2
interlac,1
interlock,2
intermedi,13
intermediari,3
intern,92
internation,5
internationalis,1
internet,40
internship,3
interperson,1
interpret,4
interraci,8
interrupt,2
intersect,1
interst,1
intertwin,1
interv,1
intervent,5
interview,14
intim,1
intimaci,1
intra,1
intraor,1
intrauterin,1
intro,4
introduc,11
introduct,18
introductori,3
intuit,2
invalid,2
invalu,1
invas,2
invent,7
inventor,6
inventori,5
inver,1
invers,1
invert,2
invest,60
investig,13
investor,29
invigor,1
invis,2
invit,20
invoic,11
invok,1
involv,37
io,2
ionis,1
iowa,3
ip,20
ipl,8
ipswich,2
ir,1
ira,11
iran,1
iraq,1
irc,2
ireland,14
iri,2
irish,2
iron,5
ironwood,1
irradi,1
irrefut,1
irrig,2
irrit,1
irv,1
irvin,1
isa,6
isaac,4
isabel,1
isc,1
ise,1
isf,1
ish,1
isl,10
isla,1
island,22
iso,1
isol,1
israel,4
israeli,1
israelit,1
issu,28
ist,2
istanbul,1
itali,3
italian,15
itchi,1
item,106
ithaca,1
itinerari,16
itself,1
iu,2
iud,1
iv,9
iva,6
ivan,1
ix,1
ja,1
jac,1
jacei,1
jacinda,1
jack,5
jacket,4
jacki,2
jackpot,3
jackson,4
jacksonvil,1
jacob,1
jacqui,1
jade,1
jaffna,1
jai,3
jail,1
jaim,1
jake,1
jam,4
jame,19
jamei,1
janel,1
japan,7
japanes,24
jar,2
jare,1
jargon,6
jason,4
jasper,5
jav,1
java,3
jaw,3
jayson,1
jb,1
jd,1
jean,1
jeanett,1
jeann,1
jeep,5
jeff,7
jefferi,1
jefferson,1
jeffersontown,1
jeffrei,2
jehan,1
jen,2
jenn,1
jenna,1
jenni,1
jennif,3
jensen,1
jeri,1
jerk,1
jerom,4
jersei,8
jessi,1
jessica,2
jesu,1
jet,4
jeu,1
jeux,1
jewel,3
jewelri,1
jewish,1
jigsaw,1
jill,1
jilli,1
jim,1
jimenez,1
jo,1
joann,1
job,71
jocelyn,1
jodi,3
joe,4
joei,1
jog,1
johan,1
johann,1
johannesburg,1
john,20
johnson,7
joi,5
join,17
joint,10
jojo,1
joke,2
joli,1
jolli,1
jon,1
jonathan,1
jone,3
jonesboro,4
jonquil,1
jordan,5
joseph,2
josh,3
joshua,7
jota,2
jourdan,1
journal,10
journei,30
joyc,1
joystick,2
jr,7
js,2
ju,2
judaism,1
judg,4
judi,2
judo,2
juic,3
juici,1
jujitsu,1
juke,1
jukebox,3
juli,2
julia,1
jumbo,1
jump,16
junction,3
juneau,14
juneberri,1
jung,1
jungl,1
junior,34
junip,1
junk,1
jurass,2
jurgen,1
jurisdict,5
justic,7
justin,2
jv,2
jyoti,1
ka,2
kachina,2
kai,1
kaibab,1
kaitlyn,1
kaleidoscop,1
kalian,1
kami,1
kane,1
kangaroo,1
kansa,2
kanu,1
karat,3
karen,1
karena,2
karl,1
karma,1
karpov,1
kart,1
kasigluk,1
kasilof,2
kate,4
kathak,1
kathleen,1
kati,1
katmai,3
kaya,1
kayak,21
kazakhstan,1
kazan,1
kcb,1
kee,1
keen,2
keep,9
keeper,2
kei,34
keighlei,2
keiser,1
keith,3
kelli,2
ken,3
kenai,18
kendal,1
kendrick,2
kennedi,1
kennel,2
kenneth,1
kenni,1
kensett,1
kent,13
kentucki,4
kenya,2
kenyan,1
kerala,2
keratectomi,1
kern,1
kernel,1
kerri,1
keswick,6
ketchikan,6
ketter,1
kevin,4
kew,1
keyboard,1
keyless,1
keynot,2
keyword,4
khalifa,4
khan,2
kia,1
kibitz,1
kick,4
kickoff,1
kid,49
kidnei,2
kilbi,1
kilkenni,1
kill,3
killer,3
kim,1
kimberli,2
kin,1
kind,2
kindergarten,2
kindli,1
kinesiolog,2
kinet,1
king,26
kingdom,19
kingdon,1
kingfish,1
kingman,1
kingsland,1
kiosk,1
kipnuk,1
kirkbi,2
kismet,1
kiss,2
kit,25
kitchen,22
kitchenett,5
kite,2
kitti,3
kiwi,1
kl,1
klau,1
kleiman,1
kling,1
klondik,4
knee,5
knight,3
knightli,1
knighton,1
knik,1
knit,1
knive,1
knock,3
knockout,3
knott,1
knotti,1
know,4
knowledg,37
knox,1
ko,3
kobe,1
kodiak,4
kojima,1
kong,3
korea,2
korean,8
koren,1
kotzebu,1
kramer,1
krem,1
kri,1
kristian,1
kristof,1
kurt,1
kuskokwim,2
kwethluk,1
kwigillingok,1
kyle,2
kym,1
kyra,1
kyte,1
la,14
lab,10
label,8
labor,6
laboratori,10
lac,1
lace,1
laci,1
lack,3
lacklust,1
lacroix,1
ladd,1
ladder,4
ladi,8
lafleur,1
lag,2
lagan,1
lagoon,3
laguna,1
laid,1
lair,3
lake,84
lakefront,1
lakeland,5
laker,2
lakeshor,2
lakesid,7
lakeview,2
lakewood,1
lakshmi,1
lamar,3
lamb,1
lambert,1
lamin,1
lamm,1
lamp,1
lan,1
lana,3
lanc,2
lancashir,2
lancast,1
land,35
landlord,12
landmark,2
landscap,7
lane,9
langston,1
languag,61
lanka,3
lantern,1
lao,2
lap,2
laptop,4
lara,1
laredo,1
larger,3
largest,19
larri,5
larsen,1
larynx,1
laser,19
lash,3
lassit,1
last,5
late,44
latex,1
latin,3
latina,11
latino,1
lauderdal,2
laugh,1
launceston,1
launch,6
launcher,1
launder,2
laundri,3
laura,2
lauren,1
lava,1
lavant,1
laven,1
lavish,1
law,78
lawmak,1
lawn,5
lawrenc,3
lawri,1
lawson,1
lawsuit,3
lawyer,33
layer,2
layout,5
lazi,2
lbo,1
lcf,2
ld,1
ldc,2
le,2
lea,3
lead,55
leader,46
leadership,64
leaf,1
leagu,50
leak,2
leal,1
leamington,1
lean,3
learn,261
learner,12
learnt,1
leas,7
leaseback,1
leasehold,2
leav,31
leaver,3
lectur,6
led,10
lee,7
leed,8
left,16
leg,5
legaci,16
legal,62
legales,1
legend,12
legendari,2
legion,2
legisl,13
lego,4
lei,2
leicest,3
leigh,2
leinster,2
leipzig,3
leisur,20
leisureli,1
len,3
lena,1
lend,9
lender,6
lengthen,2
lennon,1
lens,6
lent,1
leofric,1
leonard,2
leopard,1
leroi,1
lesbian,10
lesion,2
lessen,1
lesson,24
let,3
letter,10
leukemia,1
lev,2
level,22
levelock,1
lever,1
levi,3
lewi,4
lewin,1
lewistown,1
lex,1
lf,1
lg,1
lh,2
li,2
liabil,22
lib,1
libbi,1
liber,1
liberti,3
librari,51
lice,1
licenc,6
licens,29
license,4
licensor,1
licensur,5
lich,1
lichfield,1
lido,1
lietuva,1
lifeboat,1
lifelin,2
lifelong,4
liferoot,1
lifestyl,14
lifetim,13
lift,28
ligat,2
light,29
lighthous,4
lightn,2
lightweight,2
lign,1
ligula,1
like,1
liken,1
lili,1
lill,1
lim,1
limb,1
limerick,1
limit,47
limousin,1
lincoln,2
lincolnshir,3
lindlei,1
lindsai,1
line,11
linen,1
lineup,1
lingeri,3
lingo,2
lingual,1
linguist,1
link,154
lion,2
lionel,3
lip,1
lipotrop,1
liquid,10
lisa,3
list,102
listen,13
lit,1
litchfield,2
lite,2
liter,1
literaci,9
literari,1
literatur,2
lithium,1
lithuania,4
litig,21
liv,1
live,164
liver,1
liverpool,15
livestock,1
livingston,1
lizard,1
llangollen,1
llc,14
llo,1
lloyd,3
llp,10
ln,1
lo,10
loachapoka,1
load,27
loader,1
loan,48
lobbi,8
lobbyist,1
loblolli,1
loc,4
local,106
locat,284
lock,5
locker,1
locksmith,1
loco,1
locomot,2
lod,1
lodg,115
loft,4
lofti,2
log,122
logic,9
login,256
logist,12
logo,19
logout,11
lombard,1
lon,1
london,57
lone,1
lonergan,1
longev,1
longstand,1
lookout,2
loop,4
looser,1
loot,1
lord,4
lore,2
lori,1
lose,11
loser,2
loss,20
lost,10
lot,15
lotteri,2
lotto,1
lotu,1
loudli,1
louis,3
louisiana,3
loung,10
love,42
lovel,1
loveless,1
loveli,4
lover,1
lovingli,1
low,1
lowel,1
lowest,5
loyal,2
loyalti,6
lp,2
lpf,1
lpl,2
lrc,1
lsb,1
lt,1
ltc,1
ltg,1
ltl,1
lubbock,1
luci,3
lucia,1
luck,3
lucki,3
ludlow,1
ludo,1
lugar,1
luggag,6
lui,3
luigi,1
lump,1
lunat,1
lunch,10
luncheon,2
lunchroom,1
lunchtim,2
lundi,2
lune,1
lung,1
lupita,1
lure,1
lush,1
lust,1
lutheran,1
lutyen,1
lutz,1
luvern,1
luxuri,44
lviv,1
lyme,1
lymphedema,2
lymphoma,1
lyndsi,1
lynn,4
lyon,2
ma,1
mac,10
macarthur,2
macedonia,2
machin,26
machineri,2
mackenzi,1
macro,3
macron,2
macular,1
mad,6
madden,1
madeira,1
madelein,1
madg,1
madison,4
madonna,1
madrid,5
maf,1
mafia,1
mag,3
magazin,16
mage,6
magic,26
magistr,1
magnet,5
magnifi,2
magnific,4
magnolia,3
magpi,1
maguir,1
magyar,7
mahjong,4
mahogani,1
maid,3
maiden,2
maidenhead,1
mail,34
mailbox,1
main,6
mainan,1
mainland,3
mainstream,1
maintain,19
mainten,30
majest,5
major,22
maker,10
makeup,1
malawi,1
malcolm,2
male,5
malek,1
malform,1
mallet,1
malpractic,4
maltzman,1
mame,3
mammal,1
mammogram,1
mammographi,1
man,1
mana,1
manag,233
manageri,1
mancala,1
manchest,18
mandarin,3
mandat,2
mandatori,2
mane,1
manga,1
manhattan,1
maniac,1
manicur,1
manifest,1
manifesto,2
manikin,1
manner,3
mano,1
manor,1
mansfield,4
mansion,1
manual,23
manufactur,33
manuscript,1
manywai,1
manzanita,1
mao,1
map,28
mapl,1
mar,1
mara,1
marathon,2
marbl,4
marc,1
marcelo,1
mare,1
marengo,1
margarita,1
margaux,1
margin,1
mari,6
maricopa,1
marijuana,4
marin,18
marina,4
mario,5
mariposa,1
marisol,1
mark,44
marker,3
market,77
marketplac,6
markham,1
marksmanship,1
marlow,1
maroon,1
marque,2
marri,3
marriag,2
marsh,2
marshal,5
marston,1
marten,1
martha,1
martial,3
martin,1
martinelli,1
martyn,2
marvel,3
maryland,5
mask,3
mason,1
masquerad,1
mass,3
massachusett,5
massag,24
mast,1
master,25
masteri,3
mastermind,1
mastodon,1
mastopexi,2
masturb,4
mat,9
mata,1
matanuska,1
match,36
matchup,1
mate,1
mateo,1
materi,31
matern,3
math,16
mathemat,5
matrix,4
matt,7
matter,28
matterhorn,1
matthew,3
mattress,3
matur,18
maui,1
mauri,1
max,18
maxillofaci,5
maxim,3
maximis,1
maximu,1
maximum,3
maxwel,2
maya,1
mayhem,2
mayo,1
mayor,1
maze,2
mb,1
mba,3
mbo,2
mcbride,2
mccann,1
mccarthi,3
mcclellan,1
mccook,1
mccord,1
mccurdi,1
mcdonald,2
mcgee,2
mcgill,1
mcgrath,1
mcgregor,1
mcguir,1
mcintosh,1
mcintyr,1
mckennei,1
mckinlei,2
mcmahon,1
mcmillan,1
mcu,1
md,1
me,5
mead,2
meadow,2
meal,5
meaning,5
meant,1
measur,19
meat,3
mecca,1
meccano,1
mech,4
mechan,10
med,5
medal,5
media,70
mediat,5
medic,95
medicaid,3
medicar,7
medicin,17
medico,1
mediev,4
mediocr,1
medit,1
mediterranean,1
medium,12
medwai,1
mee,1
meet,297
megan,1
meibomian,1
mekoryuk,1
melanchol,1
melanoma,2
melatonin,1
melbourn,1
meld,1
mele,2
melodrama,1
membership,107
memo,1
memor,5
memorabilia,1
memorandum,1
memori,27
memphi,1
men,9
mend,1
mendenhal,2
mendip,1
menopaus,2
menswear,2
mental,27
mention,5
menton,1
mentor,2
mentorship,2
menu,660
merced,1
merch,5
merchandis,7
merchant,7
mere,2
meredyth,1
merel,1
merg,1
merger,5
merit,2
merl,1
merlin,1
merrythought,1
merseysid,1
mesa,17
mesh,3
mesivta,1
mesothelioma,1
mesquit,2
messag,40
messiah,1
met,4
meta,3
metabol,3
metal,8
meteorit,1
meter,1
methamphetamin,1
method,17
methodolog,4
metric,3
metro,2
metrolog,1
metropolitan,1
metz,1
mexican,1
mexicano,4
mexico,8
meyer,1
mezzanin,1
mgm,1
mh,3
mha,1
mi,7
mia,4
miami,2
michael,15
micheal,1
michel,2
michigan,4
mick,1
mickei,1
micro,1
microb,1
microbiolog,1
microcosm,1
micrograph,1
micronutri,1
microphon,1
microscop,1
microwav,2
mid,16
mida,1
middl,46
middlesbrough,1
middleton,1
midfield,2
midget,1
midi,1
midland,8
midnight,2
midtown,3
midwai,1
midweek,1
midwest,5
mighti,2
migrain,2
migrant,1
migrat,1
miguel,1
mikaela,2
mike,5
mile,27
mileag,3
milepost,1
mileston,2
milford,1
militari,10
milk,2
milki,2
mill,4
millbrook,1
millennium,2
miller,5
milliken,1
million,5
millri,1
millstream,1
milner,1
milton,1
min,7
mina,1
mind,28
mindset,4
mine,7
miner,5
mineralog,1
minett,1
ming,1
mini,22
miniatur,3
minibu,2
minim,4
minimum,5
minist,1
ministri,3
minneapoli,3
minnesota,3
minnow,1
minor,7
mint,2
minut,40
miracl,1
miracul,1
mirag,1
miranda,1
mirror,2
misc,3
miscellan,1
mischiev,1
misconcept,1
misdemeanor,3
misdiagnosi,1
misogyni,1
misprint,1
miss,9
mission,87
missionari,1
mississippi,3
missouri,4
mistak,3
mistyp,1
misus,1
mit,2
mitch,1
mitchel,5
mitig,4
mitr,3
mitral,1
mitt,1
mitten,1
mix,10
mixer,1
ml,3
mla,1
mm,1
mme,1
mmf,1
moa,1
mob,3
mobil,73
moc,1
mod,8
modal,9
mode,7
model,34
moder,4
modern,32
modif,4
modifi,5
modul,5
modular,4
moffitt,1
moham,1
mohegan,1
mois,1
mold,1
mole,1
molluscum,1
mom,10
moment,12
mommi,4
mon,31
mona,1
mondai,27
monei,52
moneta,1
monetari,2
mongol,1
monica,2
monitor,17
monk,1
monkei,4
monolith,1
monopoli,2
monro,1
monroi,1
monster,5
mont,1
montan,1
montana,3
montclair,1
montenegro,1
montessori,3
montgomeri,7
month,32
monthli,16
montreal,2
monument,6
moon,1
moor,6
moos,9
mor,1
mora,1
moral,3
morel,1
morgan,2
moria,1
morlei,1
mormon,2
morn,8
morocco,1
morri,9
mortal,1
mortgag,25
morti,1
mortim,1
morton,1
mortuari,1
moss,1
mot,3
motel,16
mother,5
motif,2
motiv,7
moto,1
motocross,1
motor,24
motorcycl,26
motoris,1
motorist,2
motorola,1
motorwai,3
mould,1
moundvil,1
mount,2
mountain,95
mountaintop,2
mous,4
mouser,1
mousi,1
mouth,15
move,21
movement,10
mover,1
movi,35
mp,1
mpe,1
mpg,1
mph,1
mpu,1
mrc,1
mri,1
msa,1
msc,1
msd,2
mst,3
mta,1
mtb,1
mtg,2
mto,1
mu,1
mud,1
mueller,1
mulberri,2
mull,1
multi,19
multicultur,3
multifamili,1
multilingu,1
multimedia,3
multin,2
multipl,7
multipli,1
mummi,1
mummif,1
munich,1
municip,4
munster,2
murder,2
murphi,2
murrai,2
murri,1
murrieta,1
muscl,3
musculatur,1
musculoskelet,1
muse,2
museum,17
mush,1
musher,2
music,24
mustang,2
mute,1
mutual,2
mvp,2
myer,2
myopia,1
myrick,1
myself,4
mysteri,6
mystic,1
myth,2
mythic,3
mytholog,1
nader,1
nag,1
nail,4
nake,1
nam,2
nama,1
name,6
nanci,1
nand,1
nanna,1
nanni,1
nap,1
napa,1
napakiak,1
nape,1
napoli,1
narcot,1
narrow,5
nasal,1
nascar,1
nash,1
nassau,1
nast,1
nat,1
natali,1
natasha,1
nate,1
nathan,5
nation,99
nationwid,9
nativ,13
natti,1
natur,41
naturist,1
naughti,1
naughtier,1
nautic,1
nav,14
navajo,1
navi,1
navig,317
naw,1
nba,13
ncaa,1
ncb,1
ncc,1
nda,1
nea,4
neal,1
nearbi,14
nearest,5
nebraska,2
nebul,1
nec,1
neck,13
nederland,9
needl,2
negativeli,1
neglig,6
negoti,8
negro,1
nehru,1
neighbor,1
neighborhood,3
neighbour,1
neil,1
nelson,5
nemesi,1
nene,1
neo,2
nepa,1
nepal,1
nephrolog,1
nerv,4
nervou,5
nest,2
nestl,20
net,3
netbal,4
netherland,3
neto,1
network,48
neural,1
neurolog,3
neuroma,1
neuron,1
neuropathi,1
neuropsycholog,1
neurosci,1
neurosurgeri,1
neutral,1
nevada,1
newburi,1
newcastl,4
newcom,3
newhaven,1
newli,3
newport,2
newsbreak,1
newslett,13
newsroom,8
newton,1
nexu,2
nfc,1
nfl,16
nft,1
nh,2
nhl,3
nice,6
nicest,1
nich,1
nichola,1
nick,4
nicol,1
nicoli,1
nielson,1
nigel,1
nigeria,2
nigerian,1
night,39
nightfal,1
nightli,3
nightlif,5
nighttim,2
nike,2
nikiski,2
nikolski,1
nile,1
ninja,1
nip,1
nippl,1
nippon,1
nita,1
nitrit,1
nitro,1
nitrou,3
nj,1
nlp,2
nm,2
noa,1
noah,1
nob,1
nobi,1
noc,1
noddi,1
noell,1
nogal,1
nois,3
noisier,1
nolan,1
nomad,1
nome,1
nomin,2
nomine,2
nondalton,1
nondiscrimin,3
noninvas,1
nonprofit,4
nonsens,1
nonsurg,1
noodl,1
nook,1
noon,2
nor,4
nordic,3
norfolk,1
norm,1
normal,8
norman,2
nors,2
norsk,7
north,68
northampton,5
northamptonshir,1
northeast,4
northern,20
northernmost,1
northumberland,1
northwest,9
northwestern,1
northwich,1
norwai,3
norwegian,2
norwich,1
nose,7
nostalg,1
nostalgia,2
notabl,6
notari,1
notch,1
note,24
notebook,2
notic,35
notif,2
notifi,2
nottingham,4
nottinghamshir,2
nou,2
nought,1
nourish,1
nova,2
novelti,1
novic,2
nowadai,1
npa,1
npc,1
npl,1
nsw,2
nu,1
nuclear,2
nude,6
nuditi,5
numb,1
numer,5
numeraci,1
nunapitchuk,1
nurs,14
nurseri,8
nurtur,5
nut,1
nutcrack,1
nutrient,1
nutrit,47
nutritionist,1
nutshel,2
nv,2
nvram,1
nwa,1
ny,4
nyc,1
nye,1
nylon,1
nyu,1
oak,13
oakland,1
oar,1
oasi,5
oaxaca,1
ob,1
obes,1
obispo,1
object,15
oblig,9
obnoxiousli,1
obscura,1
observ,5
observatori,2
obstetr,3
obstruct,1
obtain,4
obviou,2
oc,2
occas,4
occasion,3
occlus,3
occup,12
occupi,3
occur,3
ocd,1
ocean,11
oceansid,1
ocotillo,3
ocr,1
octagon,1
od,1
odd,1
odi,4
odin,1
oe,1
oem,2
off,2
offend,1
offens,2
offer,146
offhand,1
offic,192
offici,58
offlin,4
offshor,2
ohio,1
oil,7
oklahoma,2
oktoberfest,1
ol,34
ola,1
oldham,1
olsen,1
olson,1
olymp,3
olympiad,1
olympu,1
om,1
omaha,1
ombudsman,1
omega,1
omikron,1
omin,1
omni,1
on,5
onboard,1
oncolog,3
ongo,3
oni,1
ontario,2
onward,1
onyx,1
oo,1
oop,2
op,12
opaqu,1
opelika,2
open,13
oper,70
opera,2
ophthalm,1
ophthalmolog,3
ophthalmologist,1
opiat,1
opinion,19
opioid,4
opp,1
oppon,7
opportun,73
opportunist,1
oppos,1
opposit,7
opt,3
optic,7
optician,1
optim,12
optima,2
optimis,1
optimist,2
optimum,1
option,79
optometr,1
optometri,4
optometrist,4
opu,1
or,1
ora,1
oracl,4
oral,37
orang,11
orca,1
orchard,2
orchestr,1
orderli,1
ordin,1
ordinari,6
ordinarili,1
oregon,2
organ,26
organis,20
organiz,7
orgasm,2
orgi,4
orient,8
origin,39
orlando,2
orrow,1
ortho,3
orthodont,25
orthodontist,12
orthopaed,3
orthoped,8
orthot,2
orton,1
os,2
osborn,2
oscar,2
osi,1
osprei,2
osseou,2
osteopath,1
osteoporosi,1
oswald,1
otb,1
other,124
otm,1
otoplasti,2
ott,1
otter,1
ottoman,1
ourselv,10
out,4
outag,2
outback,1
outbreak,1
outcast,1
outcom,12
outdat,24
outdoor,47
outdoorsi,1
outer,2
outfit,1
outgo,1
outlai,1
outland,1
outlet,4
outlin,3
outlook,6
outpati,8
outperform,1
outpost,1
outrag,1
outreach,3
outrun,1
outset,1
outsid,1
outskirt,1
outsmart,1
outstand,19
outstretch,1
outward,1
oval,2
ovarian,1
overbit,1
overcom,1
overdraft,9
overdu,1
overgaard,1
overhaul,2
overhead,4
overjoi,1
overlai,4
overli,1
overlook,12
overlord,2
overnight,6
overrid,1
overse,1
oversea,14
overseed,1
overseen,1
oversight,1
overtim,1
overview,93
overwatch,1
overwhelm,4
ow,3
owen,2
own,70
owner,51
ownership,7
oxford,2
oxid,6
oxygen,4
oyster,2
oz,1
ozark,19
ozon,1
pa,2
pac,3
pace,5
pacif,6
pack,26
packag,72
packer,1
packet,1
packrat,1
pad,6
paddi,1
paddl,10
paddleboard,2
paediatr,2
page,3
pager,2
pai,79
paid,6
paig,1
pain,28
painkil,1
painless,3
paint,1
paintbrush,1
pair,6
pajero,1
pak,1
pakistan,1
pal,1
pala,1
palabra,1
palac,6
paladin,1
palat,3
pale,2
palett,1
palindrom,1
pallet,3
palli,3
palm,4
palma,1
palmer,3
palo,1
pam,2
pamper,3
panama,2
pancak,1
pancreat,1
pandem,5
pandora,1
panel,15
panelist,1
panic,2
pannel,1
panoram,6
panorama,1
pant,5
pantheon,1
panther,5
panti,2
pantomim,1
pantri,1
pantyhos,1
papago,1
paper,12
paperwork,9
par,1
para,6
parad,3
paradis,11
paragon,2
paraleg,1
paralysi,1
paralyz,1
paramed,1
paramet,1
paramount,1
paraplegia,1
parc,1
pardon,1
parent,54
pari,3
park,108
parkinson,1
parkland,1
parkwai,3
parliament,1
parlor,1
parodi,1
parri,1
parrish,1
parthenon,1
parti,27
partial,10
particip,11
participatori,1
partisan,1
partit,1
partner,117
partnership,37
pass,27
passag,4
passeng,3
passer,1
passion,16
passionateli,2
passport,1
password,48
pasta,1
pastor,5
pat,1
patagonia,4
patch,6
patel,2
patent,28
path,16
pathfind,1
patholog,1
pathophysiolog,1
pathwai,9
patienc,3
patient,171
patio,1
patrick,2
patrol,1
patron,5
pattern,6
paul,12
paula,1
paus,4
pave,3
pavement,1
pavilion,4
paw,1
pay,2
payabl,3
paycheck,1
paye,2
payment,77
payn,1
payor,1
payrol,34
payson,3
pc,20
pct,1
pd,4
pdf,19
pdi,1
pdl,1
peac,18
peach,2
peacock,1
peak,5
pear,1
pearl,2
pearson,1
pector,1
pedal,3
pedestrian,9
pediatr,22
pedicur,1
pedro,1
peek,1
peel,2
peer,4
peg,3
pelican,3
pell,1
peludo,1
pelvic,2
pen,4
penalti,5
pencil,2
pend,1
pendant,1
pendl,1
pendulum,1
peng,1
penguin,1
peni,2
peninsula,11
pennei,1
penni,1
pennin,3
pennsylvania,3
penrith,1
pension,17
penthous,1
pentland,1
peoni,1
peopl,141
peoria,3
pep,1
pepper,2
perceiv,1
percept,1
perch,1
perdido,1
perez,1
perfect,53
perfectli,5
perform,49
pergola,1
period,9
periodont,25
periodontist,4
periodontolog,1
peripher,1
perk,3
perkin,4
perman,9
permiss,3
permit,7
pero,1
perri,1
perryvil,1
persia,1
persist,2
person,214
persona,1
personalis,1
personnel,9
perspect,8
persuas,2
pertain,1
peso,1
pet,29
peta,1
pete,2
peter,7
peterborough,3
petersburg,1
peterson,2
petit,4
petrol,1
petroleum,1
petrosian,1
petti,1
pga,1
phantasi,1
phantom,4
pharmaceut,11
pharmaci,7
pharmacist,1
pharmacolog,1
phase,5
phd,2
phenix,1
phenomenon,1
phil,4
philanthropi,2
philip,2
philippin,1
phillip,3
philosoph,1
philosophi,21
phoenix,70
phone,70
photo,118
photocopi,1
photograph,8
photographi,5
phrase,1
phylli,1
physic,29
physician,23
physiotherapi,1
pi,1
piano,1
pianola,1
pic,5
piccolo,1
pick,26
picken,1
pickford,1
pickl,1
pickup,1
picnic,4
pictur,23
picturesqu,4
piec,3
piedmont,1
pierc,2
pig,1
pigment,1
pike,5
pile,1
pill,2
pillar,2
pilot,2
pima,1
pimp,1
pin,7
pinbal,12
pine,11
pineappl,1
pinei,1
ping,3
pinhol,2
pink,6
pinki,1
pinnacl,1
pinochl,1
pinpoint,2
pinter,1
pioneer,10
pipe,3
piper,1
pippin,1
pir,1
piraci,1
pirat,1
pisgah,1
piss,2
pit,3
pitch,8
pitman,1
pitt,1
pittman,1
pix,1
pixel,3
pizza,1
pizzeria,1
pkwy,1
place,2
placement,9
plagu,1
plai,145
plain,5
plaintiff,3
plan,167
plane,10
planet,9
planner,14
plano,1
plant,11
plantar,1
plaqu,1
plasma,1
plastic,14
plate,4
platelet,2
platform,27
platinum,3
play,1
playa,1
playabl,1
player,99
playground,5
playoff,4
playtim,1
plaza,3
plc,5
pleas,2
pleasant,3
pleasur,5
pledg,3
plenti,3
plo,2
plot,2
plug,2
plumb,1
plumber,1
plunder,1
plunderbund,1
plung,1
plush,1
plymouth,1
pneumat,1
po,4
poca,1
pocket,1
poco,1
pod,5
podiatri,3
podiatrist,2
podium,2
point,1
poison,1
pok,3
poker,14
poland,1
pole,9
poli,1
polic,3
polici,129
policyhold,2
polish,5
polit,9
poll,5
pollut,2
polo,2
polygon,1
pom,1
ponca,1
pond,4
ponderosa,1
pong,1
poni,1
pontoon,1
pool,29
poolsid,4
pop,6
pope,1
poppi,2
popul,1
popular,55
por,3
porcelain,26
porch,2
porn,55
porno,19
pornographi,4
pornstar,19
port,11
portabl,11
portag,2
portal,85
porter,1
portfolio,23
portion,1
portland,1
porto,1
portray,1
portsmouth,1
portug,2
portugues,6
pose,1
posit,26
positiveli,2
possibl,3
post,85
postal,4
postcod,1
poster,5
postgradu,3
postpartum,1
postpon,4
postseason,1
postsecondari,1
pot,4
potato,2
potenti,17
potter,4
pottsvil,1
pouch,2
pound,29
pour,1
pov,6
powel,2
power,59
powerfulli,1
ppa,1
ppm,1
practic,147
practis,3
practition,13
prad,1
pragmat,3
prais,4
pratt,1
prattvil,2
pre,28
precaut,3
precis,6
predict,8
preemin,4
prefer,21
pregnanc,7
pregnant,10
preliminari,1
prem,1
premier,67
premiership,1
premis,7
premium,31
prenat,1
prep,7
prepar,34
preparatori,2
preschool,10
prescott,6
prescrib,1
prescript,4
presenc,4
present,9
preserv,11
preservationist,1
presid,14
press,46
pressur,13
prestig,4
preston,3
prestwich,1
pretend,2
pretium,1
pretoria,1
pretti,7
prev,1
preval,1
prevent,46
preview,17
previou,26
pria,1
price,86
pride,10
prie,2
priest,2
priestli,1
primari,69
primavera,1
prime,5
primo,1
primros,1
princ,5
princess,1
princeton,1
princip,5
principl,10
print,32
printabl,5
printer,2
prior,3
prioriti,13
prison,1
pristin,2
privat,102
privateli,2
privileg,2
prix,2
prize,7
pro,21
proactiv,7
probabl,1
probat,16
proce,7
procedur,50
proceed,1
process,66
processor,2
procur,3
prodigi,1
produc,10
product,133
prof,1
profess,4
profession,152
professor,3
profici,2
profil,50
profit,10
profus,2
progesteron,1
program,151
programat,1
programm,41
progress,16
prohibit,1
project,67
promis,17
promo,9
promot,41
prompt,1
prone,1
pronghorn,1
pronunci,1
proof,3
prop,1
propel,1
properli,15
properti,104
propheci,1
prophet,1
propon,1
proport,1
propos,15
proposit,1
proprietari,2
proprietor,1
prosecut,1
prospect,8
prospectu,2
prosper,1
prostat,5
prosthet,1
prosthodont,2
prosthodontist,2
prostitut,1
protea,1
protect,79
protector,2
proto,1
protocol,4
prototyp,3
proudli,6
prove,1
proven,2
provid,218
provinc,1
provis,7
prowess,1
proxim,1
proximo,1
prp,1
prune,1
ps,3
psa,1
psc,1
psg,8
psl,2
pso,2
psoriasi,1
psp,3
pst,1
psv,1
psychedel,1
psychiatr,2
psychiatri,3
psychiatrist,2
psycholog,9
psychologist,4
psychometr,3
psychosi,1
psychotherapi,2
pt,1
pterygium,1
pti,1
pto,1
ptsd,2
pub,14
public,127
publicli,1
publish,18
pud,1
puebla,1
puffin,1
puja,1
pull,4
pullout,1
pulmonari,2
puls,3
puma,1
pump,3
pumpkin,2
punch,2
punic,1
punish,1
pupil,8
purchas,25
purdi,1
pure,6
pureli,1
puriti,1
purpl,1
purport,1
purpos,21
pursu,4
pursuant,4
pursuit,6
push,5
pussi,4
put,5
putter,3
puzzl,22
puzzler,1
pv,1
pvc,1
pvp,3
pyatt,2
pyrrhic,1
qat,1
qb,2
qr,1
qsl,1
qt,1
qty,1
quack,1
quad,3
quai,1
quail,1
quaint,3
qualif,12
qualifi,26
qualit,2
qualiti,93
quantit,1
quantiti,1
quantum,1
quarter,3
quartz,1
quash,1
queen,25
queensland,1
queri,5
quest,10
question,70
questionnair,1
queue,1
quick,47
quiet,11
quieter,1
quill,1
quin,1
quina,1
quinn,1
quintuplet,1
quirki,1
quit,1
quiz,6
quizz,1
quo,1
quot,72
quotat,6
ra,2
rab,1
rabbit,1
race,31
racer,1
racism,2
rack,6
racket,6
racquet,2
radial,1
radiat,5
radicular,1
radio,6
radiograph,1
radiographi,2
radiolog,7
radiologist,1
radiu,1
rae,1
raft,13
rag,1
rage,1
ragnarok,1
rai,20
raid,4
raider,3
rail,13
railroad,8
railwai,4
rain,1
rainbow,9
rainforest,2
raini,2
rais,13
raiser,1
rajasthan,1
rake,1
raleigh,1
ralli,2
rallycross,1
ralston,1
ramberg,1
ramo,1
ramp,7
ranburn,1
ranch,23
ranchero,1
rancho,1
randi,2
random,13
rang,83
ranger,5
rank,31
ransom,1
rao,1
rape,1
rapid,4
rapidli,1
rapido,1
raptor,1
rare,3
rasa,1
raster,1
rat,2
ratcliff,1
rate,184
ration,1
rational,1
raul,1
raunchi,1
rave,1
raven,1
ravena,1
ravin,1
raw,4
rawhid,1
rawl,1
rawlin,1
raya,1
raymond,1
rayn,1
razer,1
razz,1
rb,5
rc,1
rca,1
rda,1
rdm,1
re,1
reach,21
react,3
reaction,2
reactiv,1
read,19
reader,12
readi,21
reagan,1
real,56
realis,2
realism,2
realist,2
realiti,11
realiz,1
realm,5
realti,3
reason,16
reassur,3
rebar,1
rebat,1
rebecca,1
rebel,1
rebellion,2
rebirth,1
rebound,1
rebuild,4
rec,1
recal,1
recap,3
recapit,1
receiv,23
recess,2
recharg,4
recip,12
recipi,3
reckon,3
reclaim,2
reclin,7
reclus,1
recogn,8
recognis,8
recognit,13
recommend,30
reconcili,1
recondit,6
reconstruct,15
record,41
recov,2
recoveri,20
recreat,15
recruit,22
rectangl,1
rector,1
recur,2
recurv,2
recycl,2
red,29
redeem,4
redefin,3
redempt,2
redesign,1
redfield,1
redhead,4
redirect,5
redoubt,1
redston,1
reduc,19
reduct,10
redund,3
reed,1
reel,3
reem,1
refect,1
refer,25
refere,1
referenc,2
referr,21
refil,5
refin,3
refineri,1
reflect,5
reflexolog,1
reform,2
refract,3
refresh,16
refreshingli,2
refuge,4
refund,2
refurbish,1
refus,1
reg,9
regain,2
regard,2
regen,1
regener,2
regi,1
regiment,1
region,41
regist,139
registr,44
registrar,1
registri,6
regret,1
regul,24
regular,21
regularli,1
regulatori,11
rehab,5
rehabilit,11
rei,1
reid,2
reign,3
reignit,1
reik,1
reimburs,4
reinforc,3
reinstal,1
reinvent,1
reinvest,1
reject,1
rejoin,1
rejuven,6
rekindl,1
rel,1
relai,3
relaps,1
relat,11
relationship,17
relax,41
releas,40
relentless,1
relev,6
reli,4
reliabl,7
relianc,2
relicens,2
relief,15
reliev,4
religi,5
religion,3
relin,2
reload,2
reloc,5
remain,9
remark,2
rematch,2
remedi,2
rememb,26
remind,3
remit,1
remodel,3
remortgag,2
remot,22
remov,26
remuner,1
renaiss,2
renard,1
renaud,1
render,3
rendezv,3
renegad,3
renegoti,1
renew,29
renfrewshir,1
reno,1
renov,6
renown,4
rent,20
rental,93
reopen,3
reorder,4
reorient,1
rep,7
repair,27
repeat,3
replac,22
repli,4
report,110
repossess,1
repres,23
represent,12
reprocess,1
reproduc,1
reproduct,1
repton,1
republ,6
republican,1
reput,8
requalif,1
request,140
requir,70
requisit,2
rerun,1
resal,1
rescu,13
research,2
resel,1
reserv,124
reservoir,1
reset,9
resid,16
residenti,21
resili,4
resin,1
resolut,9
resolv,7
resort,79
resound,2
resourc,309
respect,7
respectfulli,1
respiratori,6
respit,3
respond,6
respons,49
rest,15
restart,2
restaur,41
restor,51
restraint,2
restrict,13
restructur,7
result,16
resum,4
resumpt,1
resurfac,4
resurrect,2
resuscit,2
retail,25
retain,13
retent,5
rethink,1
retina,2
retinopathi,1
retir,30
retread,1
retreat,28
retriev,4
retro,8
retrospect,1
return,54
retyp,1
reunion,7
reunit,1
reveal,6
revel,1
revenu,3
revers,6
reversi,2
reversionari,1
review,141
revis,13
revision,1
revitalis,2
reviv,2
revok,1
revolut,10
revolution,1
revolutionari,2
revolutionis,1
reward,26
rewind,1
rex,1
reynold,1
rf,1
rfc,1
rfp,6
rfq,1
rh,1
rha,1
rheumatolog,1
rhinoplasti,2
rhoad,4
rhode,1
rhythm,2
ribbl,1
ric,1
rica,2
ricardo,1
rice,1
rich,10
richard,6
richest,2
richland,1
richmond,2
rick,4
ricki,1
rid,2
riddl,2
ride,18
rider,2
ridg,13
ridgecrest,1
ridgefield,1
rifl,2
rifter,1
rig,3
right,42
rigor,1
rijeka,1
rilei,2
rim,15
rincon,1
rinehart,1
ring,2
ringer,1
rink,1
riot,1
rip,1
rise,14
risen,1
riser,6
risk,37
riski,1
rit,1
rita,1
rite,1
ritz,1
rival,1
river,37
riverboat,1
riverfront,2
riversid,3
riverview,1
rivet,2
riviera,1
rld,1
rle,1
roach,2
road,66
roadsid,3
roam,4
roamer,2
roar,1
robert,10
roberto,1
robertson,2
robin,1
robinson,2
robot,6
robust,2
rochdal,2
rock,41
rocki,7
rockwal,1
rod,2
roe,1
roger,9
rogu,3
roi,4
role,16
roleplai,2
roll,15
roller,2
rom,11
roma,1
roman,5
romanc,4
romant,11
rome,2
rond,1
roo,1
roof,2
roommat,1
root,44
rope,7
rosa,1
rosali,1
roscommon,1
rose,5
rosemari,1
rosen,1
ross,2
roster,4
rota,3
rotat,7
rotherham,1
rothschild,1
roubaix,1
rough,5
roughli,1
roulett,3
round,5
rounder,3
roundup,3
rout,16
router,1
routin,2
routineli,1
row,11
rowdier,1
rowland,1
rowlei,1
rowlett,1
royal,10
royalti,1
royston,1
rp,4
rpg,10
rs,1
rsa,1
rsm,1
rss,15
rsvp,1
rt,2
rta,3
rte,1
rti,1
rub,1
rubber,1
rubi,1
rubric,1
rug,2
rugbi,8
ruin,4
rule,68
ruler,1
rummi,6
rumor,6
rumour,5
run,23
rundown,1
rune,1
runner,1
runwai,2
rupiah,1
rural,13
rush,5
russel,4
russia,1
russian,15
rust,2
rustic,4
rutledg,1
rutter,1
rv,33
rwc,1
rx,3
rya,1
ryan,2
ryder,1
sabbath,2
sabr,1
sac,2
sack,3
sackvil,1
saco,1
sacramento,2
sacrif,2
sacrific,4
saddl,2
saddleri,1
sadi,2
sadli,2
safari,11
safe,33
safeguard,9
safeli,6
safer,4
safest,3
safeti,61
saffron,2
saga,3
sage,3
saggi,1
saguaro,6
sahuarita,3
saigon,1
sail,9
sain,1
saint,4
sake,1
sal,1
sala,1
salamand,1
salari,6
sale,96
salem,3
salford,1
salina,1
salli,1
salmon,13
salon,3
saloon,2
salt,1
saltwat,1
salut,1
salvador,1
salvat,1
sam,3
samford,1
sami,1
sammi,1
sampl,14
samuel,1
samurai,3
san,10
sanchez,2
sanction,2
sanctuari,1
sanctum,1
sand,4
sandal,1
sandbox,2
sander,2
sandi,2
sandpip,1
sanford,1
sansom,1
santa,5
santand,1
santiago,1
sap,1
sapphir,1
sarah,3
sarcoma,1
sarver,1
sash,1
saskatchewan,1
sat,15
satellit,3
satisfact,5
satisfi,2
saturdai,23
saturn,1
saudi,1
saul,1
sauna,3
saunderson,1
sausag,1
sausalito,1
savag,1
savannah,1
save,99
saver,5
savvi,2
saw,1
saxon,1
saya,1
sb,1
sba,1
sbc,1
sbu,1
sc,1
scaffold,1
scalabl,2
scale,14
scaler,1
scaleup,2
scalp,3
scam,5
scan,7
scanner,4
scape,1
scar,1
scarlet,1
scarv,1
scatter,1
scaveng,1
scenario,1
scene,4
sceneri,5
scenic,14
schach,1
schaffer,1
schedul,99
schein,1
schema,2
schemat,2
scheme,17
schizophrenia,1
schlesing,2
schmidt,2
scholar,5
scholarli,1
scholarship,25
scholast,1
school,235
schoolgirl,5
schumach,1
schwab,1
sciatica,2
scienc,34
scientif,6
scientist,1
scissor,1
scoliosi,2
scoop,1
scooter,7
scope,6
score,34
scoreboard,1
scorecard,1
scorer,4
scorpion,1
scot,1
scotland,17
scott,7
scottish,6
scottsdal,51
scout,1
scr,1
scrabbl,1
scrambl,1
scranton,1
scrappi,1
scratch,2
scream,1
screen,26
screw,1
script,5
scroll,20
scrum,1
scrutinis,1
scuba,4
sculpt,3
scyth,1
sdr,1
sea,19
seafar,2
seafoam,1
seafood,1
seagram,1
seal,4
sealant,12
seamlessli,1
sean,2
seaplan,1
seaport,1
search,18
searchabl,1
searci,1
seasid,2
season,51
seat,8
seattl,3
sebastien,1
seborrh,1
secateur,1
seclud,3
seco,1
secondari,28
secret,9
secretari,11
section,4
sector,51
secur,62
secureli,1
sedat,26
sedona,36
seduc,4
seed,4
seek,11
seeker,5
seeth,1
seg,1
segment,3
segreg,1
sei,1
seit,1
seitz,1
sel,1
select,138
selector,1
selig,1
sell,29
seller,5
selma,1
semen,1
semi,3
semiconductor,4
seminar,10
sen,2
send,33
senior,25
sens,9
sensat,2
sensit,1
sensori,2
sensual,1
sentenc,2
sentient,1
sentinel,1
sentri,1
separ,9
sept,4
seq,2
sequenc,3
sequenti,1
sequestr,1
sequoia,1
serbian,1
seren,4
sergio,1
seri,40
serial,1
serv,57
server,17
servic,692
servidor,1
session,22
set,56
seti,1
sette,1
setter,1
settl,5
settlement,5
settler,1
setup,6
sever,1
sevil,1
seward,15
sewer,2
sex,48
sexi,4
sexual,11
sf,3
sha,1
shack,2
shade,4
shader,1
shadi,1
shadow,5
shaffer,1
shaka,1
shaman,4
shame,1
shane,5
shanti,1
shape,13
shard,1
share,64
sharehold,5
sharma,3
sharon,1
sharp,1
sharpen,2
sharpest,1
shatter,1
shave,1
shaw,1
she,7
shea,2
sheep,3
sheet,15
sheff,1
sheffield,5
shelbi,2
sheldon,1
shelf,1
shelter,7
shelv,2
shepard,1
sherfield,1
sheridan,1
sherman,1
sherwood,1
shetland,1
shiatsu,1
shift,4
shiloh,1
shimmer,1
shin,2
shine,2
ship,22
shiplei,1
shire,1
shirt,12
shoal,7
shock,3
shockwav,2
shoe,10
shogi,1
shona,1
shoot,8
shooter,2
shop,53
shoplift,2
shore,17
short,28
shorthand,1
shorti,2
shortli,4
shoshon,1
shot,6
should,29
shoulder,4
shout,1
shove,1
shovel,1
showcas,1
showdown,2
shower,7
showroom,5
shrewsburi,1
shrive,1
shuffleboard,1
shumwai,1
shut,1
shuttl,13
shy,2
si,4
sich,1
sicilian,1
sick,4
sid,1
side,1
sidebar,11
sidewai,1
sidh,1
sieg,1
siemen,1
sierra,1
sight,3
sightse,7
sign,176
signag,1
signal,2
signatur,12
signpost,1
silent,4
silicon,2
silk,1
silli,1
silver,10
silveri,1
silvia,1
sim,2
simm,1
simon,3
simonn,1
simpl,18
simpler,2
simpli,17
simplic,1
simplifi,5
simul,9
simultaneousli,3
sin,1
sincereli,1
singapor,1
singh,1
singl,23
singular,1
sinner,1
sinu,2
sip,1
sipp,1
sister,10
sit,13
site,41
sitka,5
situ,3
situat,15
sixteen,1
sixth,4
size,29
skagwai,9
skat,1
skate,1
skateboard,2
skeebal,1
skeet,1
skeg,1
skeleton,2
skeptic,1
ski,10
skid,1
skier,1
skil,1
skill,66
skin,13
skinner,1
skip,1
skipper,1
skittl,2
sklar,1
sku,1
sky,14
skylar,1
skylin,3
skywalk,1
slalom,2
slam,1
slammer,1
slate,1
slave,1
slaveri,4
sled,4
sledg,1
sleep,28
sleeper,1
sleepi,1
sleev,3
sleigh,1
slender,1
slice,1
slide,8
slider,2
slight,1
slim,6
sling,1
slingshot,1
slip,9
slipper,1
slipwai,1
sloan,1
slope,5
sloper,1
slot,18
slough,1
slovakia,1
sloven,3
slow,2
sluic,1
slut,3
sm,3
smallwood,1
smart,12
smarter,4
smash,5
sme,5
smell,2
smelli,1
smg,1
smile,58
smith,15
smoke,10
smoker,1
smooth,3
smoothi,1
smp,1
snack,2
snake,1
snap,2
snapdragon,1
snapshot,1
snipe,1
snippet,1
snooker,2
snore,2
snorkel,1
snow,5
snowbird,2
snowflak,1
snyder,1
soak,1
soar,2
sobrieti,1
soc,1
soccer,13
sociabl,1
social,64
societ,1
societi,24
sociopath,1
sock,6
socket,1
sockey,1
sodium,1
sofa,3
sofia,1
soft,10
softbal,1
softwar,47
soil,1
sol,5
solar,5
sold,2
soldier,2
sole,4
soleli,1
solicit,1
solicitor,15
solid,6
solidifi,1
solitair,5
solo,5
solomon,1
solut,111
solv,14
solvent,1
solver,3
somat,1
somerset,3
son,8
song,2
soni,1
sonic,2
sonoma,1
sonora,1
sonoran,5
sonya,1
sooth,3
sophist,2
sorcer,2
sorghum,1
sort,8
sot,1
sought,2
soul,4
sound,19
sounder,2
soundtrack,1
soup,2
sourc,26
sourdough,3
south,64
southampton,2
southeast,6
southeastern,1
southern,10
southernmost,1
southport,1
southwest,15
southwestern,3
sox,1
sp,2
spa,34
space,39
spacer,1
spaceship,2
spaceward,1
spaciou,10
spade,1
spain,4
spald,1
spam,6
span,7
spanish,25
spar,1
spare,12
spark,4
sparkl,1
spartan,1
spasski,1
spawn,1
spc,1
speak,18
speaker,5
spec,3
speci,3
special,177
specialis,21
specialist,109
specialti,22
specif,13
specimen,1
speck,1
spectacl,1
spectacular,10
spectat,2
spectra,1
spectrum,3
specul,1
sped,1
speech,5
speed,11
speedi,2
speedo,1
speedwai,1
speedwrit,1
spell,3
spenc,1
spencer,1
spend,15
spent,2
sperm,1
sphere,1
spice,2
spici,1
spider,3
spike,2
spill,1
spin,5
spina,1
spinal,9
spine,6
spinner,1
spiral,1
spirit,19
spiritu,9
spit,1
splash,3
split,3
spoiler,3
spoke,1
sponsor,26
sponsorship,13
sport,134
sporti,1
sportiv,1
sportsmanship,1
sportswear,1
spot,13
spotlight,6
spousal,2
sprai,3
sprawl,1
spread,3
spree,1
spring,47
springboard,2
springfield,2
springhil,1
sprinter,1
spur,1
sq,3
squabbl,1
squad,10
squamou,1
squar,10
squash,3
squat,1
squeez,1
squir,1
squirrel,1
squirrelli,1
squirt,1
sra,1
sram,1
sri,3
ss,1
ssd,1
sso,2
st,1
stabil,2
stabl,2
stack,1
stadia,1
stadium,6
staf,7
staff,1
stafford,1
stag,1
stage,18
stagecoach,3
stai,138
stain,1
stainless,2
stair,8
stakehold,2
stall,2
stallion,2
stamina,1
stamp,3
stan,1
stand,29
standard,56
stanford,2
stanhop,1
stanno,1
stapl,1
star,42
starcraft,1
stargaz,1
stark,1
starkei,1
starr,1
start,157
starter,5
startl,1
startup,7
stat,22
statehood,2
statement,46
statewid,10
static,5
station,7
statist,24
stativ,1
statu,19
statut,2
statutori,3
staunch,1
stc,2
ste,12
steadi,2
steakhous,1
steal,2
stealth,1
steam,7
steel,5
steeler,3
steen,1
steep,1
steepl,1
steeplechas,1
steer,4
stefan,1
stein,1
steinberg,1
stellar,2
stellenbosch,1
stem,4
step,33
stepbroth,2
stepdaught,2
stephani,1
stephen,4
stepsist,4
stepson,1
ster,1
stereotyp,1
steril,2
sterl,11
stern,2
steve,6
steven,3
stevenson,4
steward,1
stewardship,2
stewart,1
sti,2
stick,6
sticker,2
stigma,1
stile,1
stillmor,1
stimul,2
sting,1
stir,1
stirk,1
stirl,1
stirrup,1
stock,22
stockist,1
stockton,1
stoke,4
stolen,1
stomach,2
stone,5
stop,5
storag,15
store,67
stori,104
storm,7
stormi,1
storylin,2
storytel,3
stove,1
str,2
straddl,2
straight,21
straighten,1
straighter,1
straightforward,2
strain,1
strait,2
strand,1
strang,2
stranger,2
strap,3
strateg,42
strategi,55
stratton,2
strawberri,2
streak,3
stream,18
streamlin,3
street,39
streeter,1
strength,12
strengthen,2
stress,17
stressor,1
stretch,5
stretcher,1
strictest,1
strictli,1
stride,1
strider,1
strike,5
striker,6
strip,5
stripe,1
stripper,1
stripteas,1
strive,11
stroke,2
stroll,1
strong,9
stronger,5
strongest,2
stronghold,1
stroudsburg,1
struck,1
structur,13
struggl,4
strut,1
stuart,2
stuck,2
stud,2
student,121
studi,93
studio,19
studium,1
stuff,9
stuffi,1
stumbl,1
stun,17
stupend,1
stuttgart,1
stygian,1
style,24
stylish,2
stylist,1
su,3
subcommitte,1
subdu,1
subject,24
sublux,1
submiss,12
submit,34
subscrib,40
subscript,6
subsect,1
subsidiari,2
substanc,3
substanti,1
substr,1
subtitl,1
subtl,1
suburb,1
succe,3
succeed,1
succes,1
success,60
suddenli,1
sue,1
suffer,3
suffici,1
suffield,1
suffolk,2
sugar,2
suggest,16
suicid,2
suit,89
suitabl,7
suitcas,2
sulphur,1
sultan,1
summar,1
summari,9
summer,43
summerset,1
summit,10
summon,2
sumter,1
sun,19
sunburi,1
sundai,13
sunderland,2
sunglass,3
sunlight,2
sunniest,1
sunris,4
sunroom,1
sunset,11
sunshin,3
suntan,1
sunwai,1
suomi,2
super,15
superb,2
superbl,1
superintend,42
superior,6
superman,1
superstar,4
superstit,2
supervis,2
supervisor,2
supervisori,1
superyacht,1
supplement,8
suppli,38
supplier,25
support,42
suppos,1
suppress,1
suprem,1
surest,1
sureti,6
surf,8
surfac,4
surgeon,13
surgeri,49
surgic,23
surli,1
surpris,7
surprisingli,1
surrealist,1
surrei,6
surrend,1
surround,17
survei,13
surveyor,3
surviv,6
survivor,2
susan,2
suspect,3
suspend,2
suspens,4
suspici,1
sussex,5
sustain,11
sutton,2
swale,1
swallow,3
swan,1
swann,1
swansea,2
swap,4
swear,2
sweat,1
sweden,1
swedish,5
sweep,6
sweepstak,1
sweet,8
sweetheart,1
swf,1
swim,15
swimwear,2
swindon,1
swing,4
swinger,6
swinton,1
swiss,1
switch,13
switzerland,1
swivel,1
swollen,1
sword,2
sy,2
sydnei,2
sylvan,1
symbol,3
sympathet,1
symptom,6
synchron,1
syndrom,1
synergi,2
synthet,1
syst,1
system,43
ta,5
taal,1
tab,57
tabl,47
tabla,1
tablet,2
tabletop,5
taboo,3
tac,3
tach,1
tack,1
tackl,2
tact,2
tactic,12
tactil,1
tad,1
tag,28
tagalog,3
tai,2
tail,1
tailgat,1
tailor,22
taiwan,1
take,10
takeawai,1
taker,1
tale,5
talent,23
talk,30
talon,1
tam,1
tamil,1
tampa,2
tamworth,1
tan,2
tandem,1
tangent,1
tangibl,1
tank,4
tantal,1
tanzania,1
tanzanian,1
tao,1
tap,7
tape,4
tapestri,1
target,13
tariff,5
tarmac,1
tarn,1
tarot,1
tarp,1
tarrant,1
tart,1
task,6
tast,2
tastefulli,1
taster,4
tasti,1
tat,1
tattoo,3
tatum,2
taught,2
taunton,1
tav,1
tavern,1
tax,81
taxabl,1
taxat,16
taxi,14
taxwis,1
taylor,2
tb,2
tc,2
tcg,2
tcm,1
tcp,1
te,1
tea,4
teach,36
teacher,57
team,37
teamwork,1
tear,2
tearabl,1
teas,2
teaser,2
tech,22
technic,35
technician,2
techniqu,18
technolog,102
technologist,1
ted,4
teddi,2
tedi,1
tee,2
teen,39
teenag,3
teessid,2
teeth,48
tel,28
tele,1
telecommun,1
telegram,2
telephon,10
televis,1
tell,5
temp,12
temper,1
tempest,1
templ,5
templar,1
templat,9
tempor,1
temporari,10
temporarili,2
ten,1
tenant,6
tender,4
tennei,1
tennesse,3
tenni,24
tennyson,2
tent,11
tenth,1
term,66
termin,7
terminolog,2
terminu,2
tern,1
terra,1
terrac,3
terrain,5
terrel,1
terri,2
terribl,1
terrif,3
territori,3
tesla,1
tessa,1
test,36
testament,2
testimoni,155
testosteron,1
teton,1
texa,10
texarkana,2
text,2
textil,1
textur,2
tfc,1
thai,6
thailand,2
thame,1
thanet,1
thank,1
thanksgiv,14
thatch,1
theater,2
theatr,3
theme,16
themselv,5
theo,1
theori,6
therapeut,9
therapi,60
therapist,7
theresa,1
therma,1
thermal,1
thermomet,1
thesauru,1
theurer,1
thew,1
thieveri,1
thigh,4
thin,1
think,13
thinner,1
thiosulf,1
thirlmer,1
thoma,10
thompson,2
thorac,1
thoreau,1
thorn,2
thornton,2
thorough,1
thoroughfar,1
those,29
thought,1
thoughtfulli,2
thousand,15
thread,3
threat,2
threaten,3
threesom,14
threshold,2
thrill,5
thriller,1
thrive,14
throat,2
throughli,1
throw,4
thrown,1
thruster,1
thule,1
thumb,3
thumbnail,3
thunder,6
thunderbird,2
thunderbolt,2
thur,2
thurgood,1
thursdai,17
thyme,1
thyroid,4
ti,6
tick,3
ticket,14
tidal,1
tiddleywink,1
tiddlywink,1
tide,1
tie,2
tier,4
tiger,1
tight,5
tim,4
time,53
timeli,5
timer,1
timeshar,1
timet,3
timothi,4
tin,2
tina,7
tini,2
tinnitu,2
tip,41
tire,6
tissu,7
tit,15
titan,3
titl,30
tiverton,1
tko,1
tl,2
tla,1
tnt,1
toast,2
toaster,1
tobacco,1
toc,1
toda,1
todd,3
toddler,1
toe,3
toefl,1
toenail,2
toga,1
toggl,143
toggler,1
togo,1
toi,15
toilet,1
token,1
toko,1
tokyo,2
told,1
tole,1
toler,1
toll,7
tom,7
tomb,2
tombston,2
tomcat,1
tommi,1
tomorrow,10
tompkin,2
ton,2
tonal,1
tone,1
tonei,1
tongu,1
toni,3
tonic,1
tonight,1
tool,55
toolbox,1
toolkit,4
tooth,25
top,7
topic,20
topless,1
torah,1
tori,1
torn,1
tornado,1
toronto,4
tortur,1
toss,1
tot,2
total,31
totem,2
toto,1
tottenham,2
touch,49
tough,4
toughest,1
tour,159
tourism,12
tourist,12
tournament,43
tourniquet,1
tovar,2
towan,1
towel,1
tower,10
town,31
townhom,1
townhous,2
toxic,2
toxin,1
tpe,1
tr,1
trace,4
tracei,2
tracheostomi,1
traci,2
track,27
tracker,4
tractor,2
trade,71
trademark,14
trader,9
tradesman,1
tradit,19
tradition,2
trafalgar,1
traffic,8
traffick,2
trafford,1
tragic,1
trai,2
trail,33
trailblaz,1
trailer,12
trailhead,2
trailsid,2
train,204
traine,1
trainer,17
trait,1
tramp,1
trampolin,2
tran,4
tranquil,7
transact,18
transcript,12
transfer,30
transform,27
transgend,4
transit,12
translat,15
transmitt,1
transpar,4
transplant,2
transport,39
transsexu,1
trap,4
trashi,1
trauma,7
traumat,4
travel,111
travers,2
travi,1
tread,1
treadmil,2
treadwel,1
treasur,10
treasuri,1
treat,14
treatment,103
trebl,1
tree,10
treetop,2
trek,6
trekker,1
treloar,1
tremend,1
trend,16
trendi,1
trent,5
trevor,2
trial,14
triangl,2
tribal,2
tribe,1
tribun,3
tricholog,1
trick,5
tricki,2
tricuspid,1
trigger,6
trigonometri,1
trimest,1
triniti,2
trio,2
trip,52
tripl,1
tripp,1
trivia,3
troglodyt,1
troi,4
troll,2
trollei,6
troller,1
trolli,1
trophi,8
tropic,3
trot,1
troubl,6
troubleshoot,4
trouser,1
trout,5
truck,27
truckload,1
true,10
trump,3
truro,1
trussvil,3
trust,78
truste,13
truth,2
tryout,1
tt,1
tub,7
tubal,1
tube,33
tuck,8
tucker,1
tucson,50
tue,5
tuesdai,14
tug,1
tuition,13
tulsa,1
tumbl,2
tumbler,1
tummi,7
tun,1
tune,3
tunnel,2
turbin,2
turf,1
turin,1
turk,1
turkei,3
turkish,6
turlock,1
turnaround,2
turnbul,1
turnkei,1
turnout,1
turnov,2
turpentin,1
turtl,1
tusayan,5
tuscaloosa,4
tuscani,1
tutor,13
tutori,12
tweak,1
tweedl,1
tweet,3
twi,1
twilight,2
twill,1
twin,12
twink,1
twist,2
twitch,5
twitt,1
tx,3
tycoon,2
tyke,1
tyler,1
tyne,1
type,73
typic,8
tyre,2
tyron,1
tyson,1
uab,1
uae,4
uang,1
ubm,1
uc,1
uca,1
ucl,5
ucla,1
udp,1
ufc,2
ufo,2
uganda,2
ugli,2
ui,1
ukrain,1
ukrainian,3
ul,3
ullin,1
ulster,2
ultim,15
ultima,4
ultimateli,2
ultra,2
ultrason,2
ultrasound,5
ultraviolet,1
umbrella,1
umpir,3
una,3
unabl,2
unafraid,1
unai,1
unansw,1
unauthor,1
unavail,1
unavoid,1
unbal,1
unbeat,1
unbeaten,1
uncategor,8
uncensor,4
uncertainti,2
unchain,1
unchang,2
uncheck,1
uncl,3
unclaim,1
uncorrel,1
uncov,2
undef,1
underdog,1
undergon,1
undergradu,2
underground,1
underinsur,2
underl,1
underlin,1
underr,2
understand,38
understood,2
undertak,1
underworld,1
underwrit,5
undivid,1
unequ,1
unesco,1
unexpect,3
unexpectedli,1
unfairli,1
unforeseen,1
unforgett,5
unfurnish,1
uni,2
unicorn,1
unifi,5
uniform,5
uninsur,3
unintend,1
union,48
uniqu,58
uniqueli,2
unit,60
uniti,1
univers,52
unknown,5
unleash,3
unlimit,6
unlock,7
unmatch,4
unmention,1
unoccupi,1
unoffici,3
unparallel,4
unplug,2
unpreced,2
unprepar,1
unread,1
unreal,1
unregist,1
unreleas,1
unrival,5
unscrambl,1
unsecur,3
unser,1
unsightli,1
unsolicit,1
unspoil,1
unsuit,1
untoward,1
unveil,2
unwind,4
unwrap,1
upc,2
upcom,41
updat,119
upgrad,33
uplift,1
upload,16
upper,9
upright,1
upscal,1
upsid,1
upstat,1
upsw,1
uptown,3
ur,1
urban,2
urgent,4
urin,1
urinari,2
urolog,5
ursu,1
uruguai,1
usa,28
usag,2
usb,1
usc,1
usd,11
usda,2
useless,1
user,53
usp,2
uss,1
usual,1
ut,1
utah,2
utc,1
uterin,1
util,22
utter,1
vacanc,30
vacant,1
vacat,82
vacation,1
vaccin,8
vacuum,2
vagin,2
vagu,1
vail,1
val,1
valdez,6
vale,2
valencia,1
valentina,2
valiant,2
valid,8
vallei,47
valu,48
valuabl,2
valuat,8
valuer,1
valv,1
vamp,1
vampir,1
van,19
vancouv,2
vandiv,1
vanessa,1
vanir,1
vapour,1
varden,1
vari,4
variabl,1
variant,5
variat,9
varieti,18
varsiti,1
vascular,1
vasectomi,1
vasquez,1
vast,2
vat,31
vaughan,1
vault,2
vector,2
vega,12
vegan,1
vegetarian,1
veggi,1
vehicl,34
vehicular,1
vein,2
veloc,1
vend,1
vendor,11
veneer,43
venner,1
venom,1
ventil,1
ventri,1
ventur,8
venu,17
ver,3
verd,7
verdict,1
verif,9
verifi,3
verit,1
vermont,1
verner,1
veronica,1
vers,1
versatil,2
versifi,1
version,24
vertic,3
vest,1
vestibular,1
vestibulum,1
veteran,12
veterinari,3
vi,1
viabil,2
viabl,1
vibe,5
vibrant,6
vibrat,3
vic,1
vice,1
vicin,2
vicki,1
victim,7
victor,1
victori,4
victoria,1
victorian,2
video,116
vie,1
vienna,1
vietnames,3
view,264
viewer,1
viewpoint,2
vigor,2
vike,2
villa,14
villag,22
villier,1
vina,1
vinc,1
vine,1
vineri,1
vintag,16
vinyl,1
violenc,5
violet,1
vip,7
virden,1
virginia,2
virtu,1
virtual,51
viru,1
virus,1
visa,9
visibl,1
vision,58
visionari,1
visit,167
visita,1
visitor,44
visor,1
vista,8
visual,16
vita,3
vital,4
vitamin,1
vito,1
vitro,1
vocabulari,2
vocat,6
voic,21
volatil,1
volcan,1
volcano,1
volleybal,5
voltag,1
volum,3
volunt,44
voluntari,5
von,1
vote,12
voter,3
voucher,13
voyag,4
voyeur,4
vpn,2
vr,5
vtol,1
vulcan,2
vulner,3
vw,1
wacki,1
wade,1
wader,1
wage,1
wager,1
wagner,1
wagon,2
wainwright,1
waist,2
wait,12
waitlist,1
waiver,5
wake,3
walapai,1
walden,1
waldheim,1
wale,13
walk,33
walker,7
wall,9
wallabi,1
wallet,4
wallpap,5
walnut,2
walru,1
walsh,1
walt,2
walton,2
wander,2
wanderlust,3
wang,1
wanna,1
wanner,1
war,18
warcraft,6
ward,5
warden,1
wardrob,1
wareh,1
warehous,1
warfield,1
warlock,1
warm,11
warmer,1
warmli,2
warmth,1
warn,5
warner,2
warp,2
warrant,3
warrante,1
warranti,10
warrington,1
warrior,8
wart,2
washbasin,1
washer,1
washington,6
washroom,1
wast,3
watch,43
watchabl,1
watcher,1
water,49
waterfal,1
waterford,1
waterfront,7
waterproof,2
waterski,1
watervil,1
waterwai,1
watford,2
watkin,1
watson,3
watt,2
waugh,1
wave,5
wax,5
wayland,1
wayn,4
wayward,1
wc,3
wealth,16
weapon,6
wear,7
weather,28
weatherford,1
web,1
webster,2
wed,49
wedg,4
wednesdai,13
wee,2
weed,1
week,7
weekdai,1
weekend,15
weekli,11
weeknight,1
wei,1
weigh,1
weight,12
weingarten,1
weird,1
welcom,18
weld,1
welfar,5
well,41
wellb,18
wellington,1
welsh,2
wenger,1
wentworth,1
werner,1
west,72
westbrook,1
western,13
westminst,1
westmorland,1
weston,1
westport,1
westward,1
westwood,2
wet,5
wetumpka,1
whale,8
wharf,1
whatlei,1
whatsoev,1
wheatlei,1
wheel,12
wheelchair,15
wheeler,1
wheelock,1
whiff,1
whimsic,1
whiplash,1
whirlpool,1
whirlwind,1
whisper,1
white,35
whitehors,2
whiten,38
whitesburg,1
whitewat,4
whitnei,1
whittier,2
whittl,1
wholesal,8
wholesom,1
whoo,1
whyte,2
wi,9
wick,2
wickenburg,2
wicket,1
wide,30
wider,3
widest,2
widget,3
widn,1
wield,2
wife,14
wight,3
wild,17
wilder,14
wildest,1
wildflow,2
wildland,2
wildlif,23
wildwood,1
wilhelm,1
wilkinson,1
will,7
willcox,1
willi,4
william,25
williamsport,1
willman,1
willow,3
wilmot,1
wilson,8
wiltshir,1
win,69
winch,1
wind,12
windbreak,1
windermer,5
window,23
windsor,3
wine,6
wineri,4
wing,3
wink,1
winner,21
winnipeg,1
winson,1
winston,2
winter,28
wipe,1
wire,6
wireless,4
wisconsin,1
wisdom,12
wise,3
wish,2
wisteria,1
wit,2
withdraw,2
witter,1
wizard,5
woke,1
wolf,7
wolv,1
wolverhampton,1
wolverin,2
woman,7
women,22
wonder,14
wonderfulli,1
wong,1
wood,23
wooden,4
woodford,1
woodland,4
woodman,1
woodvil,1
woodyard,1
wooster,1
worcest,1
word,17
wordplai,1
wore,1
worker,8
workforc,14
workload,3
workout,3
workplac,22
worksheet,4
workshop,27
world,8
worldwid,14
worn,2
worri,6
worst,3
worth,7
wound,5
wow,5
wrangel,5
wrap,5
wrath,4
wreak,1
wrestl,1
wrexham,2
wright,3
wrist,1
write,17
writer,4
written,6
wrong,10
wrote,4
wtf,2
wwi,1
wwii,2
wyli,1
wyndham,3
wynn,1
xb,1
xd,1
xi,5
xl,1
xma,1
xoanon,1
xrai,1
xs,1
xx,1
xxx,32
ya,2
yacht,3
yahoo,2
yak,1
yakutat,1
yale,1
yam,1
yan,1
yang,3
yanke,3
yard,1
yate,1
yavapai,1
yeah,3
yearli,2
yeast,1
yellow,4
yelp,1
yen,1
yeni,1
yeomanri,1
yesterdai,2
yesteryear,1
yew,1
yield,3
ymca,1
yo,1
yoga,9
york,14
yorker,1
yorkshir,9
yosemit,1
youngster,1
your,4
yourself,23
youth,22
yr,1
yukon,7
yuletid,1
yuma,4
yup,2
yuri,1
yurt,3
yvett,1
zach,1
zag,1
zak,1
zambian,1
zane,1
zb,1
zealand,10
zee,1
zelda,2
zell,6
zen,2
zeu,1
ziggurat,1
zigzag,1
zimmer,1
zinc,2
zion,1
zip,4
zona,1
zone,20
zoom,6
zucker,1
zygomat,1