id,url,label
971646,https://www.alaskansunset.com,6
573622,https://www.realbusinessrescue.co.uk,0
977700,https://sentinelpeakrv.com,6
787,http://www.chesspals.com/,3
967740,https://www.marengo.k12.al.us,1
981441,https://dgcattorneys.com,0
584070,https://www.portage.org.uk,1
577272,https://www.reddie.co.uk,0
450208,https://www.newhorizon.org,0
968868,https://watervilleusa.com,6
582680,https://www.modelenthusiasts.com,5
462504,https://www.bridgebum.com,3
574830,https://www.uk-wheelchairs.co.uk,4
923360,https://www.coasthotels.com,6
984382,https://aspirepublicschools.org,1
449279,https://www.uvbank.net,0
577131,https://www.seddons.co.uk,0
977582,https://www.codac.org,4
583752,https://gazing.com,1
971961,https://lakeclarkair.com,6
978913,https://www.carti.com,4
786,http://www.chess.4mg.com/,3
584127,https://www.gdst.net,1
967600,https://www.bcatoday.org,0
979403,https://www.experiencefayetteville.com,6
462896,https://winddancing.tripod.com,3
973810,https://www.yourgrowingedges.com,4
973333,https://www.myfocusonfitness.com,5
577287,https://www.wilsongunn.com,0
574700,https://www.trichology.co.uk,4
573264,https://www.leigh-christou.co.uk,0
583129,https://www.boarderline.co.uk,5
972385,https://akcenter.org,1
967639,https://www.bcbe.org,1
494372,https://www.crossword-compiler.com,3
582877,https://ukoutdoorstore.co.uk,5
975611,https://royalpalmshotel.com,6
985195,https://www.chcf.org,4
841,http://www.eingang.org/Games/boggle.html,3
463399,https://huntsmanslodge.com,3
573711,https://www.ritcap.com,0
977508,https://www.advancedchiropracticaz.com,4
462618,https://muckleshootcasino.com,3
967844,https://www.cov.k12.al.us,1
583741,https://www.kingfisheraccess.com,1
574149,https://shireleasing.co.uk,0
573291,https://www.hwca.com,0
569442,https://www.forecastsolutions.co.uk,0
978819,https://www.jonesboroschools.net,1
584194,https://naldic.org.uk,1
573428,https://www.payrollplus.ltd.uk,0
463087,https://www.sega-16.com,3
1005084,https://www.elitepvpers.com,3
463412,https://wowmacros.info,3
584022,https://homeschool.co.uk,1
449586,https://www.alternatives.org,0
977505,https://www.cactusflowerwc.com,4
977610,https://www.handsofhopetucson.com,4
972899,https://sbaaz.org,4
573685,https://cherryfinance.co.uk,0
33281,https://www.cbsl.gov.lk,0
582940,https://www.chiltern-archery.co.uk,5
975138,https://www.mcordova.com,0
583305,https://www.bestyears.co.uk,3
971624,https://beachsidevilla.com,6
449359,https://www.cbtn.com,0
976218,https://www.sonorandentaldesign.com,4
972249,https://www.matsutitle.com,0
825,http://txshowdown.com/,3
583774,https://www.manhattanreview.co.uk,1
971679,https://www.danielslakelodge.com,6
462510,https://yorkshirebridge.co.uk,3
451165,https://www.trimedtech.com,4
977158,https://lupitashestko-montiel.com,0
574253,https://www.wypf.org.uk,0
463071,https://n4g.com,3
573975,https://www.arag.co.uk,0
1435,https://www.tubegalore.com/,2
980393,https://ozarkgateway.com,6
590816,https://liveforwork.co.uk,1
975744,https://www.prescottmap.com,6
582864,https://www.campingworld.co.uk,6
573350,https://bensonwood.co.uk,0
970749,https://www.smilealaska.com,4
569230,https://www.margaux-matrix.com,0
584014,https://www.birkbeckunion.org,1
970917,https://www.alaskaheritagetours.com,6
978236,https://www.greatwesttours.com,6
967799,https://www.alexcityschools.net,1
462449,https://game-board.blogspot.com,3
975174,https://www.fpaofphoenix.org,0
540338,https://clearwater.eu.com,0
973550,https://www.budgetinnflagstaff.com,6
574814,https://unicornstairlifts.co.uk,4
280,https://www.cricxtasy.com/,5
975166,https://www.nopressureselling.com,0
980173,https://www.championsfamilyclinic.com,4
463636,https://ustha.com,3
979814,https://www.arcpa.org,0
971235,https://morristhompsoncenter.org,6
968883,https://ongulfshores.com,6
585082,https://www.ampthillac.org.uk,5
463017,https://adventuregamers.com,3
979221,https://eveningshade.com,6
595183,https://www.cumbriatourism.org,6
865,https://www.gamerevolution.com/,3
449243,https://yalebankiowa.com,0
449247,https://www.fcbok.com,0
976217,https://www.healthysmilesdentistry.com,4
976458,https://www.oakcreekterrace.com,6
451277,https://www.hillrom.com,4
978219,https://www.gograndcanyon.com,6
970746,https://fourcornersdentalgroup.com,4
463256,https://www.thesentencegame.com,3
976214,https://www.northscottsdaledentist.com,4
462912,https://yewenyi.tripod.com,3
595192,https://englishlakes.co.uk,6
975009,https://www.marisolcu.org,0
573483,https://www.standardlife.co.uk,0
574892,https://www.slimtone.co.uk,4
1407,http://www.world-sex-news.com/,2
976234,https://www.signaturesmilesaz.com,4
976433,https://creeksideinn.net,6
969294,https://burkholderins.com,0
976822,https://drfletcherdmd.com,4
977027,https://www.vectorimpressions.com,0
970698,https://www.acentalaska.com,4
968570,https://www.dauphinislandrealestate.com,6
785,http://www.cox-tv.com/games/rules/morris.html,3
574742,https://www.surecare.co.uk,4
968806,https://riverviewregional.com,4
573375,https://donaldreid.co.uk,0
973347,https://impressionsdental.com,4
974033,https://www.havasuregional.com,4
573567,https://archangelsonline.com,0
973690,https://copperbasinoms.com,4
976231,https://goregeoussmiles.com,4
974360,https://www.mesquitecanyondental.com,4
973691,https://monalisadental.com,4
788,https://www.pagat.com/adders/,3
974341,https://lifecarechiropractic.com,4
573888,https://www.avisinsurance.co.uk,0
587052,https://oldvic.ac.uk,1
574704,https://hairology.co.uk,4
976204,https://hands-of-health.com,4
979455,https://www.fortsmithlaw.com,0
449214,https://www.liberty-bank.com,0
462627,https://www.casinovendors.com,3
276,https://sport360.com/,5
839,http://www.bogglewords.com/,3
583881,https://www.developing-potential.co.uk,1
591191,https://creweandnantwichac.org.uk,5
979624,https://www.belleriverboat.com,6
573834,https://www.marshcompany.co.uk,0
583100,https://sportsadvocate.co.uk,5
975011,https://degreen.com,0
1462,https://pornx.fr/,2
797,http://www.mu.org/~doug/mao/,3
574749,https://www.freshbreath.co.uk,4
969375,https://www.lifelinesmobile.org,4
973818,https://www.lawsfamilydental.com,4
462800,https://mischievous4.proboards.com,3
296,https://onefootball.com/en/home,5
584111,https://www.alevelphilosophy.co.uk,1
975098,https://debusandkazan.com,0
969383,https://www.alabamafamilydental.com,4
593732,https://brancepeth-castle-golf.co.uk,5
286,https://cricket-cup.blogspot.com/,5
573402,https://www.bournerbullock.co.uk,0
583946,https://www.marshallscholarship.org,1
448509,https://www.desertrescue.com,1
967750,https://www.mcpss.com,1
976472,https://www.adayinthewest.com,6
975058,https://storageequipmentsystems.com,0
979248,https://bearmountainlogcabins.com,6
462665,https://www.adda52.com,3
453685,https://www.gabelli.com,0
975526,https://paulaowens.com,4
973603,https://www.azadventures.com,6
973554,https://hotelmontevista.com,6
299,https://www.diariogol.com/,5
969481,https://www.onlinemep.com,4
282,https://www.zerocric.com/,5
1004797,https://starknights.com,3
1402,http://www.mypleasure.com,2
977581,https://cottonwooddetucson.com,4
973070,https://www.canyonrose.com,6
583871,https://www.eskyweb.com,1
590219,https://www.cambridgeshirebadminton.org,5
584125,https://www.isc.co.uk,1
577139,https://www.hextalls.com,0
284,https://www.sweepcricket.com/,5
279,https://cricblog.net/,5
574794,https://owenhearing.com,4
967889,https://www.florencek12.org,1
976228,https://carefreesmile.com,4
449485,https://smfcu.net,0
583080,https://www.rowhire.co.uk,5
236,https://franchisesports.co.uk/,5
466341,https://azpha.org,4
463370,https://kismet.gg,3
584116,https://www.fleet-tutors.co.uk,1
574805,https://visualisetrainingandconsultancy.com,4
249,https://www.footballaudit.com/,5
463283,https://farmvilletask.com,3
593537,https://www.visitcornwall.tv,6
976403,https://www.bodygraceofsedona.com,4
583048,https://www.certini.co.uk,5
583990,https://www.duckdensity.org.uk,1
979662,https://littleswitzerlandarkansas.com,6
971392,https://auroradenalilodge.com,6
1417,https://porn-plus.com,2
973703,https://dentist-gilbert.com,4
568927,https://www.connaught-consulting.co.uk,0
967493,https://www.nwcb.org/hom,0
618484,https://www.arcadevillage.com,3
574259,https://www.marbles.com,0
979053,https://www.smileark.com,4
972024,https://hotelsewardalaska.com,6
462890,https://deathbymage.com,3
977220,https://www.gonzaleslaw.com,0
244,https://daenadsports.blogspot.com/,5
970951,https://cantwellrvpark.wordpress.com,6
972921,https://www.azkidney.org,4
970702,https://alaskalasikcenter.com,4
975527,https://larryreynolds.com,4
574798,https://www.hearingisbelieving.co.uk,4
463205,https://www.charlottemcmillan.com,3
583118,https://www.golfbidder.co.uk,5
973694,https://sevillefamilydentistry.com,4
971736,https://akduck.com,6
573702,https://www.hymans.co.uk,0
247,http://www.manunitedforever.net/,5
227,https://unafraidshow.com/,5
587161,https://getcornering.co.uk,1
584206,https://atm.org.uk,1
583763,https://www.theidm.com,1
971180,https://www.brainclinic.com,4
980172,https://www.morter.com,4
971628,https://www.alaskawolfhouse.com,6
976211,https://myscottsdalechiropractor.com,4
978204,https://www.signaturevacationrentals.com/phoenix,6
582897,https://www.sportsequip.co.uk,5
553564,https://www.stainlessgames.com,3
847,http://www.tradgames.org.uk/games/Table-Skittles.htm,3
967787,https://www.leedsk12.org,1
574726,https://www.physical-sports.co.uk,4
583300,https://www.wickeduncle.co.uk,3
977721,https://hotelcongress.com,6
584145,https://inclusive-solutions.com,1
859,http://www.roleplayinggames.net/,3
314,https://shuttlesmash.com/,5
974591,https://idealdentistryaz.com,4
583733,https://leangames.co.uk,1
583951,https://www.nocn.org.uk,1
584196,https://www.nassea.org.uk,1
973360,https://www.kellyjorncook.com,4
583967,https://changingworlds.co.uk,6
971236,https://icealaska.com,6
462506,https://www.easybridge.com,3
806,http://www.angelfire.com/pq/Urhixidur/Nuke/Nuke.html,3
463321,https://projectbc.wordpress.com,3
463583,https://www.tauniverse.com,3
584139,https://www.young-enterprise.org.uk,1
1424,https://www.eporner.com,2
451305,https://www.sklarcorp.com,4
587278,https://www.balticwharfsailing.com,5
462952,https://hirohurl.blogspot.com,3
451332,https://www.htmed.com,4
971250,https://pikeslodge.com,6
574341,https://www.ltg.accountants,0
978014,https://aztrees.org,1
984963,https://cenic.org,1
971486,https://www.akoceanshores.com,6
573380,https://www.acumen-accounting.co.uk,0
973427,https://www.conference-travel.com,6
972498,https://www.alaskaphotography.com,6
463555,https://www.fifplay.com,3
451280,https://www.pamsonline.org,4
583121,https://www.martialartshop.co.uk,5
973349,https://gentledental.interdent.com,4
584144,https://www.ipsea.org.uk,1
449609,https://www.hersheyfcu.org,0
978911,https://psychologyboard.arkansas.gov,4
583808,https://www.trainingtracker.co.uk,1
1005400,https://www.catan.com,3
574339,https://taxation-consultants.co.uk,0
582861,https://www.tauntonleisure.com,6
574347,https://comcar.co.uk,0
976227,https://azphp.com,4
972065,https://sitkahotel.com,6
583832,https://stevewillis.com,1
979809,https://www.millerandmallett.com,0
449443,https://www.azcentralcu.org,0
971478,https://www.homerbb.com,6
972011,https://www.acabinonthecliff.com,6
975509,https://www.canyonridgeendo.com,4
1408,https://www.pornhub.com/,2
577268,https://www.adlexsolicitors.co.uk,0
978414,https://www.fayettevillechristianschool.com,1
978206,https://www.phoenixvacationrentalhomes.com,6
584189,https://www.driversdomainuk.com,1
970853,https://www.alaskarailroad.com,6
971457,https://www.homerinnandspa.com,6
976257,https://fitnuff.tripod.com,4
973938,https://www.ghostcityinn.com,6
574728,https://www.biovaulttechnical.co.uk,4
974354,https://gilbertroaddental.com,4
524306,https://www.leadhillslibrary.co.uk,1
971743,https://www.landinghotel.com,6
975096,https://phillipslaw.com,0
979145,https://www.betsyhendricksmd.com,4
972292,https://www.lazyottercharters.com,6
593523,https://www.selectcornwall.co.uk,6
583093,https://matchwinner.co.uk,5
584072,https://www.fisherfieldchildcare.co.uk,1
971290,https://www.girdwoodgetaways.com,6
577257,https://www.appleyardlees.com,0
978838,https://salemschools.net,1
975506,https://www.azimplantdentist.com,4
463493,https://immortalknightz.com,3
451316,https://www.curriemedical.com,4
451266,https://freshening.com,4
573853,https://www.bateman-group.co.uk,0
972843,https://west.edu,1
584197,https://www.bag2school.com,1
970693,https://mpfcak.com,4
984966,https://edsource.org,1
462473,https://www.pattayabridge.com,3
505819,https://www.citd.co.uk,1
975764,https://holtholistichealing.com,4
979236,https://crescent-hotel.com,6
584021,https://brooksduke.tripod.com,1
973548,https://classycabinsaz.com,6
462628,https://www.atlanticcitygames.com,3
977567,https://arizonahealth.com,4
974585,https://desertwindsretirement.com,4
979880,https://idoendo.com,4
445273,https://bitc.ie,0
584011,https://www.glasgowunisrc.org,1
590401,https://www.tallington.com,6
577258,https://www.astrum-ip.com,0
573787,https://www.suttonwinson.com,0
577310,https://mwtrademarks.com,0
451181,https://psyquel.com,4
573889,https://www.ratcliffes.co.uk,0
595196,https://www.meadowcroft-guesthouse.com,6
972502,https://www.alaskatravel.com,6
985209,https://tbhcare.com,4
970690,https://www.beaconohss.com,4
975470,https://www.strengthtrainingrehab.com,4
975140,https://paulenglander.com,0
582925,https://www.fitnessfirst.co.uk,5
269,http://kridangan.com/,5
967976,https://www.aldaonline.org,4
216,https://www.insidesport.co/,5
573353,https://wisteria.co.uk,0
977514,https://www.tonalchiropractor.com,4
582969,https://johnsonrosstackle.co.uk,5
463098,https://www.mcmiddleearth.com,3
448485,https://heartsafe.ca,1
977161,https://rtinsurance.com,0
968141,https://www.spaauburn.com,4
967571,https://crownofthecontinent.net,6
974612,https://cibolavista.com,6
968836,https://www.attorneystitleinc.com,0
583108,https://www.cgdiscountgolf.co.uk,5
976255,https://djsfitness.com,4
979267,https://loblollypinesadventurecamp.com,6
973978,https://www.azkrmc.com,4
970913,https://alaskaprivatetouring.com,6
969379,https://www.cardassoc.com,4
978903,https://www.arksrc.org,4
583796,https://www.oceanlearning.co.uk,1
984990,https://edforthefuture.com,1
980071,https://minerscamping.com,6
972066,https://katlianstreet.com,6
593518,https://www.meadowviewcottage.co.uk,6
463400,https://priestlyendeavors.wordpress.com,3
462969,https://www.bloodrayne.net,3
978782,https://www.mcgeheeschools.org,1
449436,https://www.mymax.com,0
573869,https://yourpublicliability.org,2
975473,https://massagekai.com,4
573351,https://accountantinilford.co.uk,0
968744,https://visitfoley.com,6
462511,https://hefabridge.blogspot.com,3
595224,https://www.lakes-online.co.uk,6
416980,https://www.xbox.com/lt-LT,3
970152,https://www.hoonahschools.org,1
976007,https://clarkelawaz.com,0
573582,https://nvm.co.uk,0
969053,https://www.apt-research.com,0
573594,https://endlessllp.com,0
968345,https://bhamorthodontics.com,4
462968,https://www.gameconfig.co.uk,3
975106,https://www.ig-law.com,0
975086,https://www.aztrialattorney.com,0
970488,https://swallingcpas.com,0
978235,https://grandcanyonwhitewater.com,6
584038,https://cambridge-guardian-angels.com,1
574315,https://www.simplybiz.co.uk,0
583887,https://www.heskethtalking.com,1
969711,https://bearcreeklakes.com,6
582672,https://www.atbshop.co.uk,5
970879,https://www.camaibnb.com,6
583776,https://maximumperformance.co.uk,1
971233,https://chenahotsprings.com,6
971361,https://www.beachroadhouse.com,6
973551,https://weatherfordhotel.com,6
985184,https://myhairmd.com,4
584055,https://languagecoursesuk.co.uk,1
1426,https://bestandfree.com/en,2
975171,https://eagp.org,0
584210,https://www.lighthouse.tv,1
977506,https://www.liferootacupuncture.com,4
577308,https://www.franksco.com/about/history/mancunium-ip,0
967853,https://www.gck12.com,1
968397,https://www.brownelltravel.com,6
574747,https://sident.co.uk,4
462827,https://www.playtod.eu,3
588502,https://bucksaa.org.uk,5
973948,https://jeromegrandhotel.net,6
574778,https://www.careco.co.uk,4
583762,https://inpracticetraining.com,1
975454,https://thechristianclinic.org,4
978682,https://www.greenbrierschools.org,1
975081,https://ferragutlaw.com,0
583285,https://www.funkyzilla.com,3
971978,https://www.dancingeagles.com,6
583807,https://www.traininghand.com,1
450072,https://www.casinomarbella.com,3
972964,https://myanthemdentist.com,4
985198,https://www.cmadocs.org,4
866,http://www.mobygames.com/game/arabian-nights,3
462891,https://welshpiper.com,3
975087,https://blischaklaw.com,0
462439,https://fcbg.wordpress.com,3
583089,https://www.unique-online.co.uk,5
984987,https://calsave.org,1
577259,https://www.atkinsonandco.com,0
574801,https://www.sarabec.com,4
970518,https://mzlawoffice.com,0
595097,https://golakedistrict.co.uk,5
974382,https://www.greenfieldvillage.com,6
574890,https://www.comfortplusproducts.co.uk,4
573811,https://bjpinsure.com,0
574781,https://www.freeneywilliams.com,4
972472,https://alaskatravelers.com,6
1394,http://www.sexstories-wives.com/,2
574891,https://www.slimmingworld.co.uk,4
584217,https://revisionworld.com,1
1416,https://777.porn,2
574355,https://thevatconsultancy.com,0
463373,https://gameforge.com/en-GB/play/metin,3
573565,https://www.avonmoredevelopments.com,0
313,http://everything-badminton.com/,5
967768,https://www.hcbe.net,1
585085,https://blackthorns.org.uk,2
978417,https://www.1stlutheran.com,1
969089,https://sportsmedalabama.com,4
462526,https://waltonsgames.com,3
583079,https://www.gym-tech.com,5
583146,https://www.hammond-drysuits.co.uk,5
969107,https://dentalprofessionalsonwhitesburg.com,4
253,https://www.sporttechie.com/,5
583804,https://www.tteltd.co.uk,1
451328,https://lso-inc.com,4
573724,https://www.fidelity.co.uk,0
449482,https://www.mpscu.org,0
976241,https://4scottsdalesmiles.com,4
583125,https://www.heroessignedmemorabilia.co.uk,5
275,https://www.thisisanfield.com/,5
574876,https://www.wms.co.uk,4
976245,https://progressivedentist.com,4
584012,https://www.uswsu.com,1
973358,https://www.fiestadentalcare.com,4
463066,https://eclown00.tripod.com,3
462860,https://thegameawards.com,3
975510,https://www.weecaredental.com,4
568583,https://www.rostering.co.uk,0
799,http://www.realbeer.com/fun/games/games-353.php,3
978868,https://www.aeaonline.org,1
583846,https://azizcorp.com,1
463314,https://peachie270.blogspot.com,3
595212,https://millhousecottages.co.uk,6
573465,https://www.eabplc.com,0
592938,https://www.adventure-cornwall.co.uk,5
573973,https://www.qlp.ltd.uk,0
971469,https://sadiecove.com,6
587294,https://www.bristolorienteering.org.uk,5
423369,https://www.miniclip.com,3
969617,https://www.orangebeachcondo.com,6
971634,https://juneauhotels.net,6
449455,https://chaffey.com,0
970286,https://alaskahealthfair.org,4
971315,https://www.gustavusak.com,6
584177,https://www.cakeflix.com,1
977855,https://www.azwestrv.com,6
451166,https://carepaths.com,4
574774,https://www.morrisandalexander.com,4
463042,https://www.cheathappens.com,3
973807,https://www.balancedphysicaltherapy-pilates.com,4
969886,https://www.hotelcapstone.com,6
451163,https://www.medicallegalspider.com,4
577262,https://bailey-walsh.com,0
975113,https://www.alexandassociates.com,0
583753,https://www.gedlaingtraining.co.uk,1
976261,https://www.bodynew.com,4
976219,https://www.smilearizonadentistry.com,4
573441,https://www.dcspayroll.co.uk,0
972917,https://www.sbhservices.org,4
973812,https://glendale-decompression-chiropractors.com,4
584065,https://www.teachingtimes.com,1
586178,https://www.bko.org.uk,5
584099,https://www.bettshow.com,1
1005133,https://www.ryzom.com,3
583817,https://www.machineforce.co.uk,1
974346,https://www.drhallowsdc.com,4
984968,https://www.leadps.org,1
972925,https://www.mhaarizona.org,4
975178,https://www.hbaca.org,0
595204,https://www.lakelandhideaways.co.uk,6
573388,https://www.asmaccountants.com,0
970227,https://achia.com,4
979254,https://www.carriagehs.com,6
583793,https://www.pentlandtraining.com,1
970914,https://www.alaskaairtaxi.com,6
977207,https://michaeljbloom.net,0
973383,https://www.360-adventures.com,6
455592,https://www.indevia.com,0
595199,https://www.lakeland-cottage-company.co.uk,6
595205,https://www.lakedistricthotels.net,6
779,http://www.5straight.net/,3
577305,https://www.mathys-squire.com,0
1428,https://www.sunporno.com/,2
980396,https://www.arkansas.com,6
974052,https://havasusprings.com,6
573279,https://www.doddaccountants.co.uk,0
967749,https://www.midfield.k12.al.us,1
976445,https://www.orchardsinn.com,6
970142,https://asdn.org,1
574881,https://www.alliancemedical.co.uk,4
584057,https://www.lcfclubs.com,1
573480,https://www.santander.co.uk,0
970201,https://yfsd.org,1
573378,https://www.beatons.co.uk,0
577137,https://www.ikandp.co.uk,0
978754,https://www.billies.org,1
577320,https://www.abigaildaykin.co.uk,0
978909,https://www.ozarkguidance.org,4
977588,https://www.circletreeranch.org,4
454321,https://www.adrianmiller.com,0
448467,https://comedysafedriver.com,1
573717,https://www.7im.co.uk,0
978231,https://raftarizona.com,6
970710,https://afoc.com,4
451350,https://kohllsrx.com,4
591037,https://themereresort.co.uk,5
463057,https://www.pcgamer.com,3
261,https://www.sportsmanagement.co.uk/index.cfm,5
976447,https://www.sedonareal.com,6
985189,https://coalitionccc.org,4
977603,https://eyestucson.com,4
968279,https://www.birminghambusinessalliance.com,0
967817,https://www.pcboe.net,1
583965,https://www.oysterworldwide.com,1
970198,https://www.yupiit.org,1
978912,https://arpapsych.org,4
1423,https://www.porn300.com,2
462873,https://www.rpgfix.com,3
967843,https://www.crenshaw-schools.org,1
978911,https://psychologyboard.arkansas.gov,4
973903,https://www.myrickscabins.com,6
573318,https://numerion.co.uk,0
568675,https://www.retailconcessions.co.uk,0
462856,https://www.speedcubing.com,3
291,https://www.yoursoccerdose.com/,5
820,http://home.hiwaay.net/~lkseitz/cvg/nexus/,3
973693,https://gilbertserenitydental.com,4
971319,https://glacierbayalaska.com,6
1413,https://www.porn.com,2
584178,https://instructor-training.co.uk,1
584211,https://www.equalityanddiversity.co.uk,1
985181,https://crihb.org,4
584176,https://www.eurotrainingservices.co.uk,1
448486,https://sts-firstaid.co.uk,1
584212,https://www.cmeprojects.com,1
821,http://members.tripod.com/~hamishf/,3
584086,https://www.tts-group.co.uk,1
972022,https://www.breezeinn.com,6
583859,https://www.chdt.co.uk,1
807,http://www.atlas-games.com/onceuponatime/,3
582913,https://www.sportstrophy.co.uk,5
573360,https://www.sterlings.co.uk,0
791,http://www.pagat.com/rummy/handfoot.html,3
573598,https://www.creditserve.co.uk,0
462451,https://6mm-minis.blogspot.com,3
970107,https://www.asrc.com,0
815,http://www.arcadebelgium.be/,3
800,http://www.pagat.com/patience/,3
573806,https://brasil.co.uk,0
584020,https://www.ujs.org.uk,1
574822,https://platformliftco.co.uk,4
573872,https://www.wrightsure.com,0
979666,https://mountainthyme.com,6
1418,https://pornhubs.video,2
976441,https://www.almadesedona.com,6
263,https://sportgrill.blog/,5
573467,https://www.barclays.co.uk,0
970110,https://www.mtasolutions.com,0
970897,https://alaskatrips.com,6
973689,https://gilbertcenterdentistry.com,4
573385,https://dre.co.uk,0
584061,https://www.lajolieronde.co.uk,1
595182,https://low-hall.co.uk,6
809,http://www.portmacquariebridge.websyte.com.au/,3
583858,https://www.dgtrain.co.uk,1
573842,https://piibrokers.co.uk,0
587286,https://www.lifecycle.org.uk,5
970907,https://alaskatours.com,6
972491,https://www.alaskagold.com,6
577141,https://www.hempsons.co.uk,0
971026,https://www.katair.com,6
574874,https://www.midmeds.co.uk,4
968347,https://www.sarverortho.com,4
967819,https://www.pickenscountyschools.net,1
976259,https://pilatesofscottsdale.com,4
573597,https://nationaldebtline.org,0
264,https://blog.betzcenter.com/,5
1442,https://www.adulttime.com/,2
782,http://www.boardgamegeek.com/game/5120,3
977236,https://suncorridorinc.com,0
967566,https://www.greatwestcabins.com,6
970519,https://www.kmwasche.com,0
582660,https://cladishsports.co.uk,5
975457,https://www.1stway.net,4
980862,https://www.nfp.com,0
583878,https://dansamltd.co.uk,1
967798,https://www.trussvillecityschools.com,1
463550,https://www.racing-games.org,3
574849,https://www.vstrading.co.uk,4
573762,https://www.axa.co.uk,0
573570,https://www.amadeuscapital.com,0
219,https://canoe.com/category/sports/,5
974471,https://www.hermosainn.com,6
577250,https://www.aathornton.com,0
585503,https://www.padworth.com,1
795,http://www.onlinecasinoreports.com/casinogames/online-gin-rummy.php,3
812,http://www.trumps.net.au/,3
229,http://www.indiansportsnews.com/,5
573336,https://rogerlugg.co.uk,0
462674,https://howtoplaypokerinfo.com,3
573690,https://www.dbuchler.com,0
978905,https://www.oralsurgeryofcentralarkansas.com,4
573605,https://www.equifax.co.uk,0
583914,https://www.macoles.com,6
973343,https://better-chiropractic.com,4
572850,https://www.sportsdays.co.uk,5
234,https://sportsrenegade.com/,5
574769,https://www.reclinerfactory.com,4
969405,https://kateshepardhouse.com,6
978436,https://pirates.k12.ar.us,1
595208,https://www.lakesandfellscottages.co.uk,6
967893,https://www.franklin.k12.al.us,1
573716,https://www.hl.co.uk,0
449231,https://www.firstmid.com,0
463275,https://www.thekeytoworldpeace.com,3
978846,https://www.bobcats.k12.ar.us,1
587163,https://keiths.co.uk,1
1036034,https://www.vbm-medical.de,4
975462,https://www.health4relationships.com,4
462646,https://www.wilottery.com,3
975612,https://www.sunsetmountaincasitas.com,6
974488,https://dospalmasaz.com,6
318140,https://www.baxter.com,4
977953,https://www.papagoarchery.com,5
231532,https://www.gokgs.com,3
967553,https://www.boyneresorts.com,6
814657,https://www.gameloft.com,3
971916,https://www.hatcherpasslodge.com,6
577260,https://avidity-ip.com,0
582950,https://www.brighton-canoes.co.uk,5
587164,https://elcbristol.co.uk,1
582944,https://www.bowsports.com,5
594109,https://weardale.uk,6
463220,https://www.mariomayhem.com,3
773,http://www.chess.com/,3
977842,https://www.denniswongdmd.com,4
979260,https://sugarridgeresort.com,6
972274,https://pioneerridge.com,6
972849,https://ibescholarships.org,1
971042,https://dillinghamalaska.com,6
979235,https://www.eurekabw.com,6
976220,https://www.scottsdalesmile.com,4
583917,https://religiouseducationcouncil.org.uk,1
978234,https://grandcanyonwest.com,6
977713,https://www.doublekranch.com,6
583950,https://www.ncfe.org.uk,1
573966,https://www.das.co.uk,0
979881,https://littlerockdentalcare.com,4
583781,https://www.psa-training.co.uk,1
973817,https://www.malekperiodontics.com,4
967949,https://www.alabamapublichealth.gov,4
968881,https://www.brett-robinson.com,6
845,http://nationalmarblestournament.org/,3
574808,https://www.wheelchair-ramps.co.uk,4
583338,https://www.thetoyshop.com,3
582676,https://www.newmodellersshop.co.uk,5
976490,https://hiddenrest.com,6
978838,https://salemschools.net,1
976405,https://www.sedonabodysoul.com,4
1392,http://www.teasingeroticstories.com,2
972277,https://alaskantour.com,6
977554,https://www.drdalesandro.com,4
574291,https://genclose.com,0
577309,https://marshall-law-trade-marks.tumblr.com,0
969688,https://bbvacations.com,6
451182,https://www.alorahealth.com,4
574823,https://www.ransomemobility.co.uk,4
574866,https://sciquip.co.uk,4
573343,https://www.adplusaccountants.co.uk,0
970490,https://www.leonardandmartens.com,0
967603,https://www.madeinalabama.com,0
449559,https://www.kfcu.org,0
967805,https://www.wcbek12.org,1
583767,https://www.utntraining.co.uk,1
462854,https://www.rubiks.com,3
584199,https://www.teachingawards.com,1
975977,https://scfinancialservices.com,0
1415,https://www.fuq.com,2
981286,https://www.oneworkplace.com,0
978414,https://www.fayettevillechristianschool.com,1
584225,https://mmerevise.co.uk,1
978661,https://www.cabotschools.org,1
584053,https://cp-fl.com,1
855,http://www.wolfysilver.co.uk/WM/,3
463580,https://tl.net,3
573392,https://baginskycohen.com,0
451732,https://atta.travel,6
977540,https://azsmiledentist.com,4
462722,https://www.pendraken.co.uk,3
462817,https://crimsontrog.tripod.com,3
979223,https://www.bentonplaceinn.com,6
583773,https://www.mlruk.com,1
583897,https://salessense.co.uk,1
972501,https://www.alaskatia.org,6
976858,https://www.crazyannies.com,6
449212,https://www.fnbanksuffield.com,0
583779,https://www.mindgrove.co.uk,1
595189,https://www.lakelovers.co.uk,6
970888,https://www.copperwhale.com,6
573675,https://www.aesinternational.com,0
462489,https://www.ctbridge.org,3
970904,https://www.alaskaskytrekking.com,6
583148,https://boatworld.co.uk,5
976442,https://matterhorninn.com,6
974514,https://www.majesticmountaininn.com,6
967545,https://lakeviewhotels.com,6
584060,https://ariane-languages.co.uk,1
583363,https://www.tripp.co.uk,6
977594,https://arizonaprimaryeyecare.com,4
978752,https://www.pinebluffschools.org,1
574764,https://www.signingworks.co.uk,4
594562,https://www.cdec.org.uk,1
980017,https://www.wegnercrystalmines.com,6
979442,https://www.goodyearctsc.com,0
449651,https://www.achprocessing.com,0
241,https://prosportsoutlook.com/,5
856,http://haven.theonering.net/,3
978244,https://www.redfeatherlodge.com,6
577276,https://www.scpatents.com,0
978424,https://www.trinitywarriors.org,1
584035,https://www.friendsinternationalguildford.org.uk,1
849,http://www.apegames.com/,3
1406,http://www.analdreamhouse.com/30/03/agecheck/index.html,2
583867,https://www.lantra.co.uk,1
582912,https://www.thesportshq.com,5
463077,https://www.gbaflash.info,3
973809,https://www.nvfm.com,4
251,https://www.thebuzzsports.com/,5
973822,https://www.desertsmiles.com,4
303,https://sportslens.com/,5
976428,https://www.adobegrandvillas.com,6
979633,https://www.ewresort.com,6
584191,https://www.drivingtheory4all.co.uk,1
573419,https://brightbrown.com,0
573833,https://fincred.co.uk,0
449588,https://www.nyufcu.com,0
245,https://sportsevolve.blogspot.com/,5
974340,https://powerroaddentalcare.com,4
573396,https://www.streetsweb.co.uk,0
805,http://www.pevans.co.uk/Reviews/BigCheese.html,3
584103,https://www.zigzageducation.co.uk,1
583953,https://www.asdan.org.uk,1
449587,https://www.nymcu.org,0
972928,https://azalfa.org,4
969095,https://www.drwaynewilson.com,4
583862,https://columba1400.com,1
972946,https://deanzarvresort.com,6
235,https://www.thesportsmirror.com/,5
315,https://tennisforfree.com/,5
976215,https://scottsdaledentalexcellence.com,4
969455,https://www.rushtonstakely.com,0
583137,https://www.just-rackets.co.uk,5
583869,https://www.firstratetraining.co.uk,1
971620,https://northstartrekking.com,6
573470,https://www.hoaresbank.co.uk,0
971680,https://redcabinbandb.homestead.com,6
972029,https://murphysmotel.com,6
449373,https://www.bealbank.com,0
308,https://www.baseballamerica.com/,5
967911,https://www.acboe.net,1
569336,https://www.houseandhotels.com,0
593514,https://oldlanwarnick.co.uk,6
971488,https://www.oceanshoresalaska.com,6
587276,https://www.bristolandwestac.org,5
577241,https://www.franksco.com,0
583286,https://www.gameslore.com,3
583747,https://kentratraining.co.uk,1
840,http://bolsboardgames.com/,3
584163,https://www.donaldsons.org.uk,1
449531,https://www.jhfcu.org,0
453521,https://www.ventenn.com,0
583947,https://www.study-abroad-uk.com,1
462487,https://nebridge.org,3
974247,https://valleyinjuryteam.com,0
971633,https://frontiersuites.com,6
1455,https://beeg.porn/,2
463121,https://www.mmarchive.com,3
865,http://www.gamerevolution.com/review/pc/alice,3
975516,https://www.arizonabiltmoredentistry.com,4
978432,https://www.wmcs.com,1
449468,https://www.safeamerica.com,0
968880,https://www.benderrealty.com,6
272,https://sportsvilla.wordpress.com/,5
573365,https://www.schofieldsonline.co.uk,0
242,https://www.sportskanazee.com/,5
1420,https://redporn.porn,2
583929,https://www.institut-francais.org.uk,1
574290,https://www.lombard.co.uk,0
971626,https://silverbowinn.com,6
587273,https://www.sbarc.co.uk,5
972028,https://sewardmotel.com,6
976448,https://www.skyranchlodge.com,6
583902,https://clemorton.co.uk,1
972933,https://chiroaz.org,4
584093,https://isleofwightexperience.co.uk,1
973851,https://www.mountainranchdentistry.com,4
970756,https://alaskabehavioralhealth.org,4
463293,https://www.diablofans.com,3
970144,https://education.alaska.gov,1
577082,https://www.sentientuk.co.uk,0
975610,https://www.arizonabiltmore.com,6
463288,https://www.theamazonbasin.com,3
965682,https://www.bellsalaska.com,6
979081,https://www.calicobluffcabins.com,6
540355,https://www.b-c-training.com,1
973820,https://www.azdesertwillowdental.com,4
975614,https://waywardwindtours.com,6
449777,https://www.tunstallconsulting.com,0
980058,https://www.mockingbirdbayresort.com,6
463069,https://amicoentertainment.com,3
970703,https://www.alaskamedicalclinics.com,4
573349,https://www.lopiangb.co.uk,0
584158,https://www.hesleygroup.co.uk,1
465458,https://radltd.com,4
978546,https://cotterschools.net,1
977770,https://www.losviajerosinn.com,6
972916,https://www.narbha.org,4
976212,https://kutychiropractic.com,4
984980,https://www.cta.org,1
980903,https://www.vaccineinjury.org,0
971354,https://www.bearcreekcabinsalaska.com,6
968340,https://www.ptortho.com,4
463000,https://www.massassi.net,3
969241,https://mentonelogcabins.com,6
972996,https://lahaciendarv.com,6
573574,https://www.ldc.co.uk,0
448449,https://perfectdrivingschool.com,1
970863,https://withinthewild.com,6
584092,https://www.madeleinelindley.com,1
463266,https://www.cribbage.ca,3
573884,https://www.dayinsure.com,0
569314,https://www.imsolutions.info,0
583789,https://www.pitman-training.com,1
449639,https://www.cascadefcu.org,0
979220,https://www.eurekadowntownsuites.com,6
582934,https://www.hereward-uk.com,5
968601,https://decaturparks.com,6
976522,https://www.sierravistasuites.com,6
831,http://www.ksarcade.net/,3
974403,https://www.sedonarentals.net,6
462778,https://www.agesofdespair.net,3
573340,https://www.athollscott.co.uk,0
970718,https://solaralaser.com,4
975981,https://vipmtginc.com,0
574314,https://cpaaudit.co.uk,0
462962,https://www.magiclibrarities.net,3
462661,https://www.casinocitypress.com,3
972313,https://alaskavistas.com,6
462884,https://kuronons.blogspot.com,3
451251,https://radtechxray.com,4
583891,https://www.karrass.com,1
969687,https://www.mcclellanfamilychiropractic.com,4
573616,https://www.financialguardian.co.uk,0
973171,https://casagrandedental.com,4
573951,https://www.theclaimsguys.co.uk,0
972174,https://www.talkeetnahostel.com,6
973345,https://www.elliottdental.com,4
574265,https://cleardebt.co.uk,0
844,http://www.bingogamingnews.com/,3
462639,https://www.casinocity.com,3
802,http://www.pagat.com/invented/cribbage_solitaire.html,3
214,https://wwos.nine.com.au/,5
582811,https://www.thevisorshop.com,5
974058,https://www.shutterfly.com:443,6
306,https://razzball.com/,5
977561,https://doctorsmiles.com,4
573972,https://proximo.co.uk,0
587284,https://bristol-cycling.com,5
492273,https://www.printable-sudoku-puzzles.com,3
266,https://sportspages.in/blog/,5
451154,https://www.practiceadmin.com,4
974054,https://www.londonbridgeresort.com,6
582812,https://www.uk-mini-motos.co.uk,5
587289,https://www.theno1footballacademy.co.uk,5
573260,https://mjsmith.co.uk,0
453708,https://cgmfunds.com,0
975485,https://imaginewellnesschiropractic.com,4
979885,https://www.surgeoncosmetic.com,4
583839,https://www.allplanttraining.co.uk,1
975466,https://cypresshomecare.com,4
984985,https://www.casc.net,1
454387,https://wagnergrp.com,0
573534,https://watts-commercial.co.uk,0
463040,https://www.cheaters-heaven.com,3
967728,https://myaea.org,1
967460,https://www.federalleague.com,5
583933,https://helleniccentre.org,1
462832,https://www.puzzlers.org,3
584068,https://www.elevenplusadvice.co.uk,1
595191,https://www.eden-in-cumbria.co.uk,6
980336,https://corn-sorghum.org,1
974469,https://www.pvsmiles.com,4
554426,https://www.citb.co.uk,1
569262,https://loginb.com,0
449073,https://www.fidelitybank.com.gh,0
462477,https://www.londonduplicatebridge.co.uk,3
972091,https://chilkootcharters.com,6
974349,https://aosmiles.com,4
774,http://chessbomb.com/,3
573877,https://fleetcover.co.uk,0
972504,https://discoveryvoyages.com,6
977592,https://accentonvision.com,4
1005883,https://chesstempo.com,3
977498,https://www.tomf.org,4
451215,https://mhainc.com,4
584156,https://www.maplefieldsacademy.co.uk,1
583768,https://dixontraining.co.uk,1
965958,https://www.graylinealaska.com,6
583008,https://flicx.com,5
973649,https://gilbertaz.com,0
1440,https://www.xrares.com/,2
985002,https://contractorslicensingschools.com,1
462993,https://evepics.wordpress.com,3
972020,https://www.alaskaspointofview.com,6
569133,https://ahc.co.uk,0
243,https://tksportstalk.com/,5
584153,https://www.cantraybridge.co.uk,1
979440,https://fnbfs.com,0
583952,https://awarding.org.uk,1
976207,https://arizona-chiropractic.com,4
462440,https://www.sagoclubs.co.za,3
463170,https://darkwynter.com,3
63463,https://www.generationstars.com,3
985178,https://www.calhealthplans.org,4
271,http://dailysport.co.ke/,5
977783,https://www.rexallenmuseum.org,6
462405,https://thechessclub0.tripod.com,3
971476,https://goodkarmainn.com,6
573415,https://dmaccounting.co.uk,0
574815,https://stayhomestairlifts.co.uk,4
584185,https://www.crashcoursesdrivingschool.co.uk,1
238,https://247sportsgist.com/,5
969223,https://www.magnoliasprings.com,6
583797,https://www.ccn.ac.uk,1
583982,https://guildhe.ac.uk,1
462690,https://www.horseracinggold.com,3
159069,https://tycoononline.nu,3
970860,https://www.furrondy.net,6
449577,https://servicecu.org,0
975079,https://www.thephoenixcriminalattorney.com,0
573836,https://apexinsurancebrokers.co.uk,0
213,https://sports.inquirer.net/,5
462398,https://www.castlehillchess.co.uk,3
463405,https://cataclysmrogue.blogspot.com,3
574242,https://www.financialdiscounts.com,0
463076,https://gamecubeelite.tripod.com,3
967552,https://www.guestranches.com,6
300,https://crickettimes.com/,5
977805,https://www.stagecoachtrailsranch.com,6
587283,https://www.bristolcyclingcampaign.org.uk,5
462586,https://mohegansun.com,3
977546,https://www.gumsandimplants.com,4
1463,https://vid123.net/,2
969489,https://www.parksidedentalcare.com,4
777,http://www.chessgames.com/http://www.setupgroup.com/xo/,3
574825,https://www.castlecomfortstairlifts.co.uk,4
967561,https://www.westgateresorts.com,6
278,https://www.cricadium.com/,5
573269,https://dixonwilson.com,0
583018,https://fawkes-cycles.co.uk,5
574268,https://www.debtsupporttrust.org.uk,0
972155,https://www.mooseriverresort.com,6
585201,https://www.marstonvale.org,6
573560,https://www.strategiccorporatefinance.co.uk,0
974356,https://www.drtomgreco.com,4
582952,https://www.cornwall-canoes.co.uk,5
582881,https://www.camping-online.co.uk,6
583102,https://www.officialfootballmerchandise.com,5
977543,https://azoms.com,4
463031,https://3rdsense.com,3
595215,https://www.hallhills.co.uk,6
971733,https://ketchikanalaska.com,6
838,http://www.dickestel.com/classic2005.htm,3
573303,https://www.taxassist.co.uk,0
976821,https://www.agreatsmileaz.com,4
583319,https://www.staractionfigures.co.uk,3
573271,https://defacto-fd.co.uk,0
969837,https://www.rosenharwood.com,0
978224,https://grandcanyoncvb.org,6
584151,https://www.nasschools.org.uk,1
981327,https://www.aaronread.com,0
967766,https://www.henrycountyboe.org,1
573696,https://www.sjp.co.uk,0
972897,https://telemedicine.arizona.edu,4
577144,https://www.westlondonlaw.com,0
971404,https://www.bearcreekwinery.com,6
981440,https://www.frandzel.com,0
1412,https://www.youporn.com,2
772,http://www.thechessworld.com/,3
977154,https://southwestinvestmentadvisors.com,0
979632,https://www.arlingtonhotel.com,6
574867,https://www.seward.co.uk,4
970182,https://www.asdk12.org,1
985001,https://westerntruckschool.com,1
584168,https://www.stcatherines.org.uk,1
973858,https://christensenortho.com,4
463413,https://www.worldofwarcraftstrategyguide.com,3
577125,https://www.prhannasolicitors.com,0
584030,https://www.ukstudy.com,1
971020,https://kellysalaskacountryinn.com,6
579327,https://www.snowandrock.com,5
593544,https://landsend-landmark.co.uk,6
583309,https://anytoys.com,3
316,https://www.wtatennis.com/,5
967546,https://www.suttonplace.com,6
971805,https://www.shelikoflodgealaska.com,6
975145,https://erlichmanlaw.com,0
972098,https://chilkoottrailoutpost.com,6
577278,https://www.shandp.com,0
462658,https://www.ialottery.com,3
985191,https://www.carepage.com,4
971362,https://www.capchoice.com,6
976304,https://www.scottsdaleazcondorentals.com,6
573578,https://www.ecipartners.com,0
288,https://caughtatpoint.com/,5
850,http://www.augustgames.com/,3
984974,https://www.ccsa.org,1
583021,https://www.ribblecycles.co.uk,5
573411,https://www.bourneandco.com,0
977696,https://www.visittucson.org,6
298,https://www.soccerstats.com/,5
975727,https://prescottsmilecare.com,4
968722,https://www.pediatricdentalclinic.com,4
978009,https://www.hitthetrail.com,6
569397,https://www.holgesconsulting.co.uk,0
974402,https://www.haciendacorona.com,6
971842,https://portersak.com,6
975065,https://occlaw.com,0
583123,https://www.academy-sports.co.uk,5
583971,https://www.oneworld365.org,1
973705,https://www.softouchdental.com,4
981290,https://encyclopediamythologica.com,0
977738,https://www.desertretreat.com,6
978693,https://ozarkmountainschooldistrict.com,1
574790,https://www.leightons.co.uk,4
1004837,https://mousesports.com,3
970146,https://neaalaska.org,1
462434,https://www.tantrix.com,3
972170,https://www.talkeetnaair.com,6
973861,https://www.joshuahongdds.com,4
451202,https://medcruiters.us,4
977737,https://www.coronaranch-tucson.com,6
977557,https://orthoprostucson.com,4
584141,https://nasen.org.uk,1
595092,https://www.lakedistrictwalks.com,5
463153,https://sonichurricane.com,3
573486,https://www.sainsburysbank.co.uk,0
968267,https://www.onealsteel.com,0
463116,https://www.lfs.net,3
977699,https://www.rinconcountry.com,6
573852,https://www.rentguard.co.uk,0
970867,https://alaska-summersetbnb.com,6
584234,https://www.qtsuk.com,1
972166,https://sheldonairservice.com,6
583024,https://www.theedgecycleworks.com,5
967557,https://www.sellmytimesharenow.com,6
568838,https://customernet.com,0
1465,https://nailedhard.com/,2
978200,https://aztrailstravel.com,6
977709,https://www.deserttrails.com,6
972096,https://www.skagwaybungalows.com,6
462622,https://www.vegaskings.com,3
975070,https://schlesingerconrad.com,0
577321,https://www.winstonsolicitors.co.uk,0
593533,https://www.thecornishcoast.co.uk,6
979698,https://www.gotravelleaders.com,6
573538,https://www.ageddebtfunding.co.uk,0
1427,https://www.pornhat.com/,2
449516,https://www.pelicanstatecu.com,0
440684,https://www.pas-cash.com,0
574783,https://proudlockassociates.com,4
977552,https://www.wildeorthodontics.com,4
584000,https://www.kclsu.org,1
462513,https://www.barbaraseagram.com,3
223,https://www.sportscrunch.in/,5
573586,https://www.dukestreet.com,0
818,http://www.arcade-history.com/,3
978228,https://www.grandcanyon.org,6
462635,https://www.tmcards.com,3
583814,https://www.libf.ac.uk,1
583348,https://www.swallowgames.com,3
816,http://www.larwe.com/coinop/index.html,3
969099,https://www.drdurst.net,4
970170,https://www.lksd.org,1
973348,https://smilestraight.com,4
584149,https://speechandlanguage.org.uk,1
584152,https://delamerecharitabletrust.org.uk,1
533061,https://www.abbiati.com,3
973355,https://kidsdentalcenter.com,4
967813,https://www.sumter.k12.al.us,1
574782,https://www.dda-products.co.uk,4
978243,https://www.grandcanyonlodges.com,6
462662,https://pokertells.com,3
971249,https://alaskahostel.com,6
967797,https://al50000064.schoolwires.net,1
573371,https://bluedotconsulting.co.uk,0
976814,https://perfectskincenter.com,4
583972,https://www.questoverseas.com,1
968333,https://www.heddenmd.com,4
583978,https://www.asic.org.uk,1
577254,https://www.hindles.co.uk,0
462555,https://www.brycecon.com,3
463469,https://goliathscorpions.tripod.com,3
574716,https://pavpub.com,4
274,https://www.101greatgoals.com/,5
285,https://caribbeancricket.com/news,5
979245,https://eurekasunset.com,6
974487,https://www.spirittreeinn.com,6
837,http://www.dickestel.com/classicexpo2004.htm,3
583316,https://www.toys-uk.co.uk,3
453966,https://www.helpingyougrow.com,0
979876,https://www.jpfitness.com,5
985213,https://www.delightmedical.com,4
967577,https://elsakids.id,6
978906,https://westrockortho.com,4
978239,https://www.papillon.com,6
974751,https://www.osinstall.com,0
463250,https://www.talkchess.com,3
451344,https://www.libertyoxygen.com,4
583890,https://progressint.com,1
292,https://www.liverpoolecho.co.uk/,5
463602,https://cm4mac.tripod.com,3
970876,https://elderberrybb.com,6
451330,https://www.handsmedical.com,4
433777,https://www.archonstl.org,3
980388,https://www.visitwestarkansas.com,6
971467,https://www.twincreekstrailhead.com,6
975980,https://www.imortgage.com,0
970939,https://www.ykhc.org,4
450178,https://merger.com,0
971461,https://islandwatch.net,6
969384,https://www.whitesmilecentermobile.com,4
969301,https://marineandindustrial.com,0
970691,https://www.alaskaalternativemedicine.com,4
974489,https://www.circlez.com,6
973702,https://coppercanyondentalaz.com,4
262,https://www.completesports.com/,5
233,https://www.sportelo.com.ng/,5
967969,https://www.healthcarehof.org,4
574741,https://hdc.co.uk,4
577246,https://www.dehns.com,0
1457,https://tubegalore.tv/,2
248889,https://www.mickledore.co.uk,6
449598,https://www.millstreamcu.com,0
448477,https://www.coatestraining.com,1
804,http://www.rpg.net/news+reviews/reviews/rev_4588.html,3
978934,https://winnamocka.com,6
289,https://www.qldcricket.com.au/,5
970299,https://sleepybearalaska.com,6
574251,https://www.ii.co.uk,0
971836,https://innatternlake.com,6
573275,https://www.saint.co.uk,0
976001,https://azlegalcenter.com,0
573323,https://morriscook.co.uk,0
1401,http://www.freepornpasswordsforwomen.com/naked-studs/5index.html,2
573572,https://www.act.is,0
971107,https://alaskachaletbb.com,6
972492,https://www.travelalaska.com,6
972258,https://healthquesttherapy.com,4
590398,https://www.hallfarmbb.co.uk,6
573439,https://www.dataplanpayroll.co.uk,0
970695,https://www.akoa.org,4
977743,https://discoverytreks.com,6
972216,https://lulubelletours.com,6
573810,https://www.coversure.co.uk,0
972333,https://www.cb300.com,5
584192,https://driving4tomorrow.com,1
583124,https://www.footballprogrammes.com,5
971484,https://juneberrylodge.com,6
573705,https://accountsco.co.uk,0
1005234,https://www.swtor.com,3
972845,https://azsba.org,1
584007,https://www.napierstudents.com,1
574854,https://www.optimalowvision.co.uk,4
79280,https://www.bridgebase.com,3
835,http://www.mopinball.com/,3
780,http://boardgamegeek.com/boardgame/369/5ive-straight,3
970751,https://www.hartmanorthodontics.com,4
968475,https://www.treasureislandbedandbreakfast.com,6
972473,https://www.royalcoachmanlodge.com,6
978661,https://www.cabotschools.org,1
462870,https://www.galileogames.com,3
976195,https://hopepharm.com,4
969396,https://harveyandthomasortho.com,4
281,https://www.beforeyoubet.com.au/,5
972023,https://www.sewardhotel.com,6
984962,https://www.creec.org,1
973346,https://aquiladental.com,4
573845,https://www.lloydwhyte.com,0
732861,https://www.fiendishsudoku.com,3
463559,https://www.wargamer.com,3
980915,https://bankruptcyhq.com,0
587291,https://www.bandwhc.org.uk,5
971033,https://www.mckinleycabins.com,6
462723,https://brigademodels.co.uk,3
573357,https://www.tbdunn.co.uk,0
843,http://www.fillorbust.com/,3
975976,https://wealth-engineering.com,0
463554,https://fminside.net,3
450210,https://www.carecredit.com,0
1005091,https://aiondatabase.net,3
583921,https://www.campaignforstateeducation.org.uk,1
463575,https://commandoshq.net,3
975175,https://www.gpec.org,0
462801,https://olympemaxime.proboards.com,3
978227,https://grandcanyonguru.com,6
462958,https://www.mtgsalvation.com,3
793,http://ginrummytournaments.com/,3
969863,https://www.ttowneyes.com,4
979617,https://hotspringsdental.com,4
573564,https://yfmep.com,0
975468,https://www.optivision.com,4
977999,https://archerybowhunters.com,5
463242,https://www.myrealgames.com,3
462820,https://group-games.com,3
449311,https://www.ultimabank.com,0
462861,https://www.kefkefkef.com,3
574292,https://willowsfinance.co.uk,0
533395,https://www.gowinsoftware.com,3
454398,https://www.olingergroup.com,0
834,http://www.moorepinballs.com/,3
574346,https://www.taxcafe.co.uk,0
792,http://ace2three.com/,3
851,http://www.brickcommander.com/,3
463156,https://www.mortalkombatonline.com,3
585505,https://www.highdown.reading.sch.uk,1
583870,https://www.evolvetraining.com,1
463231,https://www.allstarpuzzles.com,3
971466,https://www.glaciervista.us,6
969449,https://starkeagency.com,0
573334,https://specialistdentalaccountants.co.uk,0
583730,https://www.xtraskills.com,1
462597,https://silverslipper-ms.com,3
978296,https://www.cashionco.com,0
817,http://www.games-db.com/Arcade/,3
967542,https://www.stayhihotels.com,6
573635,https://www.debtsolutions.co.uk,0
980390,https://www.ozarkmtns.com,6
583132,https://www.snowchainsandsocks.co.uk,5
975518,https://www.buddorthodontics.com,4
864,http://www.loonygames.com/content/2.1/feat/,3
972920,https://www.nationwidevision.com,4
770,http://www.chessebook.com/,3
587272,https://tach.org.uk,5
981438,https://frostbrowntodd.com,0
573871,https://www.instructorcoverplus.co.uk,0
583117,https://www.golfonline.co.uk,5
584046,https://www.ilanguages.co.uk,1
583941,https://online.essex.ac.uk,1
1443,https://www.faketaxi.com/,2
972892,https://dependablehealth.com,4
573359,https://stirklambert.co.uk,0
978869,https://www.accessgroupinc.org,1
590223,https://www.the-ccusa.co.uk,5
574821,https://www.acornstairlifts.co.uk,4
971470,https://baycrestlodge.com/accommodations#canyon-cottag,6
977201,https://willmanlawfirm.com,0
978868,https://www.aeaonline.org,1
974513,https://mountainmeadowscabins.com,6
448444,https://www.iag.biz,1
1456,https://fapmeifyoucan.net/,2
984983,https://www.caea-arteducation.org,1
980184,https://www.rockybranchresort.com,6
967582,https://www.caravan.com,6
984982,https://www.aeoe.org,1
524325,https://hlsi.org.uk,1
972017,https://www.bearsdenalaska.com,6
582904,https://www.newitts.com,5
448446,https://www.driveincontrol.org,1
985196,https://calhospital.org,4
451102,https://www.uspass.com,4
981329,https://www.knoxservices.com,0
451308,https://mpe-inc.com,4
573627,https://www.currencysolutions.com,0
979080,https://www.missmarthas.com,6
967886,https://www.fayette.k12.al.us,1
975504,https://phoenixarizonadentistry.com,4
237,https://pacificnwsports.com/,5
976396,https://sedonawinds.com,4
572851,https://stadia-sports.co.uk,5
583085,https://www.sportandleisureuk.com,5
583115,https://www.best4balls.com,5
221,https://www.footballcritic.com/,5
593507,https://valleyresorts.co.uk,6
976256,https://personalpowertraining.net,4
979626,https://www.springstreetinn.net,6
573630,https://www.debit2credit.com,0
979225,https://heartstoneinn.com,6
1459,https://foxporns.net/,2
836,http://www.dickestel.com/classicexpo.htm,3
451243,https://www.penglim.com.tw,4
967580,https://www.traveledge.com,6
574802,https://www.silent-alert.co.uk,4
310,http://www.badzine.net/,5
970898,https://bearfootguides.com,6
973336,https://www.perfectfocuseyecare.com,4
978418,https://fsmontessori.com,1
574817,https://www.a1stairlifts.co.uk,4
1437,https://www.porn300.com/,2
971183,https://www.bastdental.com,4
463028,https://netives.com,3
968266,https://bhamrail.com,0
972099,https://skagwayinn.com,6
977711,https://www.cactuscove.com,6
974352,https://www.scottdentistryaz.com,4
973351,https://chandlerdentalhealth.com,4
583119,https://www.huxleygolf.com,5
1405,http://www.buyeuroporn.com/,2
574895,https://www.obesitysurgerycentre.com,4
967551,https://www.loewshotels.com,6
977795,https://barringercrater.com,6
976439,https://www.sedonadreammaker.com,6
975658,https://www.rainbowlakelodging.com,6
978245,https://www.grandcanyongrandhotel.com,6
978857,https://www.lsschool.org,1
975472,https://euromedfoundation.com,4
970872,https://jewellakebandb.com,6
451353,https://cincinnatisurgical.com,4
449606,https://www.fmfcu.org,0
976465,https://www.safarijeeptours.com,6
967892,https://www.fpcsk12.com,1
46971,https://www.pokernews.com,3
574818,https://www.invalifts.com,4
584164,https://www.hamiltonlsc.co.uk,1
979240,https://basinpark.com,6
583900,https://bassclusker.com,0
462521,https://www.post-age-collectibles.com,3
254,https://sportsnewsmoney.com/,5
975069,https://www.rosaccilawfirm.com,0
974248,https://gilesdicksonlaw.com,0
978402,https://arkansasliteracy.org,1
583143,https://reliancemarine.com,5
569494,https://thetrustpartnership.com,0
573485,https://secure.ybonline.co.uk,0
583880,https://www.conygre.com,1
976450,https://www.amararesort.com,6
573617,https://www.idealcs.co.uk,0
967979,https://jbsmentalhealth.com,4
972144,https://klondikervpark.com,6
971040,https://www.bayair-alaska.com,6
979155,https://www.blueheroncampground.com,6
618763,https://uo.com,3
268,https://www.sportshype.online/,5
974335,https://centralmesamedical.com,4
573780,https://www.wpcommercial.co.uk,0
975109,https://www.kanulaw.com,0
973521,https://flagstaffsurgical.com,4
970159,https://kpbsd.org,1
584183,https://www.learnerdriving.com,1
775,http://www.chessdom.com/,3
583344,https://www.toymaster.co.uk,3
573815,https://www.acorninsure.co.uk,0
462426,https://sunsetter.sourceforge.net,3
973344,https://mindbodyandflow.com,4
978638,https://www.batesvilleschools.com/site/Default.aspx?DomainID=,1
979875,https://rejuvenationclinic.com,4
301,http://www.legaseriea.it/en,5
226,https://www.thesportsnews.in/,5
593547,https://www.thisisnorthcornwall.com,6
1461,https://pornmate.tv/,2
975986,https://www.marketlinemortgage.com,0
449058,https://www.texasmba.org,0
593510,https://www.latitude50.co.uk,6
584134,https://www.mylearning.org,1
977618,https://hessandsandeen.com,4
462548,https://www.q-con.org.uk,3
972218,https://totemhotelandsuites.com,6
583318,https://www.teddybearhollow.com,3
273,https://www.goal.com/en,5
569176,https://www.efeinternational.com,0
966054,https://www.myodetox.com,4
975609,https://www.arizonagrandresort.com,6
587287,https://www.bristoldivingclub.co.uk,5
573546,https://www.lendingcrowd.com,0
573344,https://www.banksco.co.uk,0
975476,https://proteamhealth.com,4
796,https://www.pagat.com/rummy/ginrummy.html,3
583009,https://www.lovellsports.com,5
462582,https://www.cocopahresort.com,3
972260,https://www.travelalaskaoutdoors.com,6
975663,https://www.cavecreekranch.com,6
972505,https://www.iditarodtours.com,6
462637,https://www.crevents.co.uk,3
977519,https://www.performanceneurology.com,4
972841,https://asbcs.az.gov,1
583342,https://www.ubergames.co.uk,3
305,https://nypost.com/baseball/,5
967556,https://www.ritzcarltonclub.com,6
591657,https://activ8fitnessclubs.co.uk,5
1004303,https://www.greentube.com,3
583831,https://www.studyflex.com,1
573283,https://www.franklin.uk.net,0
593500,https://www.johnbray.co.uk,6
464990,https://www.yrmc.org,4
592191,https://www.archersofthewest.co.uk,5
573407,https://www.alexandersloan.co.uk,0
1410,https://www.xxx.com,2
585084,https://www.chicksandsbikepark.co.uk,5
967555,https://www.hiltongrandvacations.com,6
984969,https://www.caisca.org,1
971360,https://www.ashelteredharbor.com,6
462680,https://bettorschat.com,3
970727,https://mintdentalak.com,4
573601,https://www.firstreport.co.uk,0
969582,https://www.bubbasonline.com,4
978909,https://www.ozarkguidance.org,4
583868,https://neishtraining.com,1
972900,https://aachc.org,4
584146,https://www.eenet.org.uk,1
974387,https://www.mormonlakelodge.com,6
978253,https://www.azpaths.com,6
967538,https://selectregistry.com,6
573362,https://spa.org.uk,0
463052,https://www.teddygames.com,3
449045,https://mbac.org,0
985212,https://www.acuityeyegroup.com,4
978413,https://www.conwaychristianschool.org,1
583757,https://www.highforce.co.uk,1
215,https://www.essentiallysports.com/,5
462435,https://www.gammoned.com,3
971306,https://thepointlodge.com,6
976443,https://www.desertquailinn.com,6
573416,https://aisma.org.uk,0
451247,https://www.dentech.com,4
449511,https://wrfcu.org,0
574840,https://www.cyclonemobility.com,4
973698,https://www.lifetimefamilydental.com,4
978448,https://flippinschools.com,1
583346,https://www.toysandlearning.co.uk,3
973352,https://www.smileschandler.com,4
967472,https://construction.altg.com,0
980111,https://www.oakridgeresort.com,6
574812,https://www.portaramp.co.uk,4
583770,https://www.redrosetraining.co.uk,1
449459,https://www.foxcredit.org,0
583873,https://www.drivingmonitor.com,1
573253,https://www.evelyn.com,0
973334,https://www.robertsonfamilychiro.com,4
967737,https://www.madisoncity.k12.al.us,1
260,https://sportsinfonow.com/,5
573647,https://www.legalrecoveries.com,0
583850,https://www.bigbeat.biz,1
277,https://www.criclines.com/,5
573860,https://www.darwinclayton.co.uk,0
582652,https://www.gymratz.co.uk,5
979873,https://drbevfoster.com,4
583818,https://jennyainsworth.com,1
970870,https://www.oscargill.com,6
591198,https://www.mcfs.org.uk,6
973853,https://estrellafallsdentistry.com,4
968059,https://hotelfinial.com,6
970708,https://alaskapremierhealth.com,4
573698,https://www.securitiesfinance.co.uk,0
594107,https://www.thisisdurham.com,6
979808,https://www.mitchellwilliamslaw.com,0
584169,https://birtenshaw.org.uk,1
967877,https://www.elmoreco.com,1
463108,https://www.turborilla.com,3
808,http://gamecabinet.com/rules/OnceUponATimeVariant.html,3
971030,https://www.denaligrizzlybear.com,6
776,http://www.chessdryad.com/,3
980134,https://pinebluffconvention.center,6
973429,https://littledaisy.com,6
1450,https://hornyfap.com/,2
463260,https://www.pente.net,3
462997,https://ufplanets.com,3
574740,https://www.firstaid4sport.co.uk,4
583819,https://www.totalsuccess.co.uk,1
573874,https://www.anthonydevans.co.uk,0
573644,https://ceatta.co.uk,0
976837,https://www.tempetourism.com,6
978993,https://cpandw.com,0
573759,https://www.swinton.co.uk,0
463236,https://www.hextris.com,3
1454,https://porndude.me/,2
975463,https://fpamg.com,4
971483,https://www.thewhalesong.com,6
979230,https://www.cliffcottage.com,6
976455,https://www.enchantmentresort.com,6
973852,https://mda-dentist.com,4
1468,https://txxx.com.co/,2
583979,https://www.ecctis.com,1
449292,https://www.gilbertbank.com,0
574262,https://www.debtadvicefoundation.org,0
574775,https://www.easylinkuk.co.uk,4
968278,https://aafbham.org,0
973895,https://canoaranchgolfresort.com,6
980902,https://www.burgsimpson.com,0
574342,https://www.lidotax.co.uk,0
462838,https://sudoku-puzzles.net,3
463131,https://emulynxhome.tripod.com,3
1005229,https://spellforce3.thqnordic.com,3
1460,https://bigvideo.net/,2
451150,https://www.medicalofficeonline.com,4
968474,https://www.smithlakebandb.com,6
790,http://www.cribbage.org/,3
985197,https://www.immunizeca.org,4
448499,https://sanmateocprcertificationclasses.com,1
970168,https://www.kuspuk.org,1
584128,https://www.alltheschools.com,1
984967,https://www.fcmat.org,1
584124,https://www.indschools.co.uk,1
424257,https://www.microlife.com,4
449525,https://empeople.com,0
584221,https://www.nurseryworld.co.uk,1
972490,https://alaskatravelgram.com,6
573309,https://www.robertsoncraig.co.uk,0
583932,https://www.canninghouse.org,1
217,https://www.sportsnet.ca/,5
972030,https://www.go2seward.com,6
463564,https://queosia.com,3
628409,https://www.edwards.com,4
449782,https://www.advantage-consulting.com,0
975726,https://synergywellnessaz.com,4
967910,https://www.auburnschools.org,1
971025,https://denaliriverguides.com,6
448513,https://www.instinct-training.co.uk,1
967850,https://www.cleburneschools.net,1
318,https://www.tennisexplorer.com/,5
972097,https://atthewhitehouse.com,6
307,https://d1baseball.com/,5
970173,https://www.mehs.us,1
448460,https://enasdrivingschool.com,1
974470,https://elchorro.com,6
584236,https://regis-training.co.uk,1
974362,https://familycaredentistry.net,4
977571,https://betterbodiestucson.com,4
978252,https://www.go-arizona.com,6
574254,https://www.legalandgeneral.com,0
984970,https://www.montessorica.com,1
574785,https://www.e-comcommunications.co.uk,4
971806,https://www.kodiakinn.com,6
973361,https://www.chandlerdentist.com,4
463080,https://keith430.tripod.com,3
290,https://www.starsandstripesfc.com/,5
978243,https://www.grandcanyonlodges.com,6
973123,https://ccfmd.az.gov,4
967778,https://www.homewood.k12.al.us,1
462445,https://www.heroscapers.com,3
978407,https://www.anthonyschool.org,1
584031,https://www.ukcisa.org.uk,1
582910,https://sportmax.co.uk,5
574871,https://www.drypro.ie,4
974385,https://www.saguarolakeranch.com,6
967773,https://www.hartselletigers.org,1
970894,https://captaincook.com,6
539863,https://farmsandequestrian.com,5
593505,https://cornishfarmholidays.co.uk,6
583843,https://conflict-training.co.uk,1
573539,https://ecsgroup.co.uk,0
573284,https://www.frenkeltopping.co.uk,0
583847,https://basistraining.co.uk,1
979218,https://wanderlustrvpark.com,6
329585,https://www.molnlycke.com/corporate,4
783,https://en.wikipedia.org/wiki/Morabaraba,3
582906,https://www.pslteamsports.com,5
972914,https://sonomafacialsurgery.com,4
981445,https://www.calawyersforthearts.org,0
1458,https://porzo.tv/,2
972092,https://www.southeasttours.com,6
573573,https://www.abingworth.com,0
584224,https://www.lore-and-saga.co.uk,1
574738,https://selectmedical.co.uk,4
972175,https://www.denalifireside.com,6
976454,https://www.pocodiablo.com,6
423122,https://www.queenalice.com,3
794,http://cardgames.io/ginrummy/,3
583782,https://www.morley-consulting.co.uk,1
980399,https://ozarkcabins.com,6
295,http://www.just-football.com/,5
973829,https://raftingsaltriver.com,6
1411,https://www.xnxx.com,2
967896,https://www.eufaulacityschools.org,1
584160,https://rsblind.org,1
971326,https://beartrackinn.com,6
577313,https://www.steenandco.co.uk,0
977606,https://tanqueverdepeds.com,4
573545,https://www.leasingit.co.uk,0
463560,https://playing-dota.blogspot.com,3
975512,https://www.adhaz.com,4
463387,https://warhammeronlinenews.blogspot.com,3
463174,https://www.ixphone.net,3
573281,https://www.ellis-uk.com,0
978910,https://www.dayspringbhs.com,4
981421,https://pacificinvestmentresearch.com,0
978404,https://ridgefieldchristian.org,1
463281,https://notthenormcity.proboards.com,3
969485,https://chew-chewtrain.com,4
573307,https://mjb.co.uk,0
595089,https://www.kentvalley.co.uk,5
984978,https://www.csba.org,1
577275,https://www.dolleymores.com,0
225,https://usatodayhss.com/,5
584207,https://nape.org.uk,1
574894,https://www.weightlossresources.co.uk,4
976438,https://www.sedonacathedralhideaway.com,6
591314,https://www.visitcheshire.com,6
463090,https://doodypsp.blogspot.com,3
586187,https://www.tv4x4.co.uk,5
1403,http://www.oldwomen.org/,2
971636,https://coastalhelicopters.com,6
25548,https://brainking.com,3
258,https://seriouslysports.com/,5
574772,https://willowbrook.co.uk,4
979249,https://beaverlakecottages.com,6
583825,https://www.the-coaching-academy.com,1
972919,https://www.azredmountaineyecare.com,4
573611,https://www.curtisfaraday.co.uk,0
591196,https://cheshirehorse.co.uk,5
595206,https://www.towerbankarms.co.uk,6
294,http://www.avillafan.com/,5
1444,https://fliporno.net/,2
584001,https://www.luu.org.uk,1
971492,https://www.katmaibears.com,6
971915,https://www.alaskacreeksidecabins.com,6
472911,https://www.blueskyranchyuma.com,6
462640,https://www.vpfree2.com,3
463089,https://ps3home.co.uk,3
832,http://economypinballrepair.weebly.com/,3
449268,https://www.unitedbank4u.com,0
968331,https://birminghampodiatry.com,4
574853,https://www.cobolt.co.uk,4
842,http://www.worldbunco.com/,3
972179,https://myalaskacabin.com,6
574806,https://www.spectrumhealthcare.co.uk,4
451211,https://www.tactstaff.com,4
574807,https://www.rollaramp.co.uk,4
971289,https://www.alaskawildland.com,6
462858,https://www.mrpuzzle.com.au/blog,3
976240,https://www.southtowndentalcare.com,4
255,https://globalmoneyworld.com/index.php/category/global-world-sports/,5
462517,https://bridgeteaching.com,3
448451,https://www.kingswaydrivingschool.com,1
573451,https://www.hsbc.co.uk,0
218312,https://www.managerzone.com,3
462939,https://battlegroundsgames.com,3
574888,https://www.covision-medical.co.uk,4
970892,https://www.historicanchoragehotel.com,6
978898,https://www.afmc.org,4
584220,https://www.gcsepod.com,1
583828,https://www.symmonsmadge.co.uk,1
813,http://www.twintowns.bridgeaustralia.org/,3
977697,https://oldtucson.com,6
811,http://quicktricks.com.au/,3
583307,https://www.bandai.co.uk,3
587168,https://www.westofenglandcoachingandcounselling.co.uk,1
978448,https://flippinschools.com,1
976473,https://www.redstonetours.com,6
573843,https://premiummedicalprotection.com,0
573577,https://www.angloscientific.com,0
573341,https://www.accountsnet.co.uk,6
463333,https://www.aionstrategies.com,3
584023,https://www.diversity-otherwise.org.uk,1
977517,https://www.naturallifechiropractic.com,4
287,https://www.mycricket.ae/,5
424741,https://www.ibc.com,0
980053,https://norforkriverresort.com,6
256,https://www.scout.com/,5
980332,https://www.arkansasstateparks.com,6
584131,https://www.eastercourses.co.uk,1
584090,https://www.ott-pouch.com,1
592937,https://www.cpga.co.uk,5
462468,https://crabfragmentlabs.com,3
977024,https://www.allenandyoung.com,0
973543,https://www.arizonamountaininn.com,6
968886,https://www.gulfshoresrentals.com,6
463216,https://www.themariobros.net,3
568620,https://www.right-of-light.co.uk,0
977551,https://www.tucsonsmile.com,4
969376,https://mobileobgyn.com,4
595222,https://www.lake-district-guides.co.uk,6
967605,https://www.aidt.edu,0
976213,https://www.toddmabrydds.com,4
450209,https://www.celticcapital.com,0
969456,https://gilpingivhan.com,0
573863,https://deacon.co.uk,0
985190,https://www.ccha.org,4
577126,https://wedlakebell.com,0
573595,https://www.langholm.com,0
587169,https://communitylearningwest.net,1
971307,https://www.caribouhotel.com,6
451255,https://baronmead.com,4
570105,https://taxscape.deloitte.com,0
972015,https://welovealaska.com,6
968337,https://cvpd.com,4
976208,https://www.elevatechiroaz.com,4
984996,https://ed.stanford.edu,1
972893,https://arizonarxcard.com,4
984984,https://www.casbo.org,1
572852,https://corporateentertainmentco.co.uk,5
584232,https://spolem.co.uk,1
584052,https://www.greekclasses.co.uk,1
980140,https://www.buffaloriver.com,6
574799,https://www.keytohearing.co.uk,4
451279,https://abtlafleur.com,4
7827,https://www.gamedesire.com,3
582951,https://www.argyllkayaks.co.uk,5
317,https://www.tennis.com/,5
309,https://www.baseball-reference.com/,5
967845,https://www.conecuh.k12.al.us,1
574734,https://www.expressmedicals.co.uk,4
224,https://arysports.tv/,5
967862,https://www.coffeecountyschools.org,1
583754,https://goldeneggtraining.com,1
574311,https://www.lendingstandardsboard.org.uk,0
967570,https://visitorfun.com,6
573322,https://www.lubbockfine.co.uk,0
970909,https://majormarine.com,6
827,http://www.ionpool.net/arcade/asteroidtech/asteroidsrepair.html,3
540229,https://www.principal.co.uk,0
584058,https://www.berlitzmanchester.com,1
463043,https://www.cheatcodes.com,3
978546,https://cotterschools.net,1
463038,https://www.acmegamer.com,3
1439,https://www.clicporn.com/,2
595210,https://www.sallyscottages.co.uk,6
573957,https://www.fasttrackreclaim.com,0
1404,http://www.webcamslave.com,2
463196,https://ungl.org,3
574751,https://www.branchproperties.co.uk,4
451342,https://www.mccrayoptical.com,4
976527,https://heritageinnsnowflake.com,6
974748,https://storefixturesandsupplies.com,0
584037,https://www.chevening.org,1
577286,https://www.williamspowell.com,0
593520,https://www.selfcatercornwall.co.uk,6
970194,https://www.nwarctic.org,1
973570,https://www.valleyviewmedicalcenter.net,4
573376,https://www.duttonmoore.co.uk,0
975148,https://accidentlawyersarizona.com,0
449330,https://www.mnb.bank,0
980341,https://www.adeq.state.ar.us,1
1466,https://xecce.com/,2
977535,https://www.eldercaremanager.com,4
302,https://arseblog.com/,5
974336,https://www.studiobff.com,5
584106,https://www.classroomcapers.co.uk,1
819,http://members.tripod.com/~AWalden/,3
583025,https://www.northwestcycles.net,5
968807,https://gadsdeneye.com,4
449620,https://www.atfcu.org,0
977751,https://bar10.com,6
312,https://www.badmintonireland.com/,5
573312,https://www.richardkyte.com,0
861,http://ussagamemnon.iwarp.com/,3
573677,https://www.abg.net,0
451139,https://appliedneuroscience.com,4
974359,https://www.superendo.com,4
573478,https://www.rbs.co.uk,0
967846,https://www.dalecountyboe.org,1
971735,https://alaskacrabtour.com,6
573818,https://www.rawlinsinsurance.co.uk,0
449576,https://www.lighthousecu.org,0
584008,https://www.trentstudents.org,1
971638,https://www.stepintoalaska.com,6
980057,https://sistercreekresort.com,6
573335,https://www.robinsonslondon.com,0
969966,https://alabamakaratecircuit.com,5
463470,https://thesnakesoup.org,3
462516,https://bridgemaniacs.blogspot.com,3
583136,https://www.tennisnuts.com,5
220,https://sportscafe.in/,5
980904,https://www.legalmatch.com,0
977616,https://maxwell-aesthetics.com,4
971254,https://gonorth-alaska.com,6
462441,https://www.sfgo.club,3
976544,https://www.azcabins.com,6
595094,https://www.contours.co.uk,6
584148,https://www.allfie.org.uk,1
979229,https://www.the-angel.com,6
1471,https://mofosex.net/,2
449521,https://www.bangorfederal.com,0
1431,https://www.sexvid.xxx/,2
975517,https://www.bnelsondds.com,4
584180,https://www.bsm.co.uk,1
828,http://www.ionpool.net/arcade/irobot/anderson/,3
451337,https://www.pcsgroupinc.ca,4
1436,https://www.pornhits.com/main/,2
595219,https://www.hillofoaks.co.uk,6
967790,https://www.tarrant.k12.al.us,1
1421,https://porn-hub.live,2
971637,https://mmtoursofjuneau.com,6
980050,https://www.mountainmemoriesbedandbreakfast.com,6
971388,https://denaliparkhotel.com,6
968631,https://www.dothanperio.com,4
980064,https://www.ozarkcountryinn.com,6
577235,https://www.craske.co.uk,0
462877,https://sorcerer-rpg.com,3
137123,https://www.bat.org,3
231520,https://www.dragongoserver.net,3
573369,https://alanwsimons.com,0
975455,https://medtrans.net,4
984971,https://www.cft.org,1
970097,https://visitsitka.org,6
462835,https://www.professortangent.org,3
971353,https://www.hitchuprv.com,6
967826,https://www.oppcityschools.com,1
969052,https://burkettinsurance.com,0
977574,https://bodyfundamentals.com,4
463062,https://www.retrobase.net,3
463453,https://duke3d.tripod.com,3
569306,https://www.lamertonswales.co.uk,0
573688,https://dallasmartin.co.uk,0
584109,https://www.chalkface.com,1
573386,https://www.evansaccountants.com,0
573252,https://www.ksagroup.co.uk,0
573472,https://campbell-lutyens.com,0
574855,https://www.listening-books.org.uk,4
577263,https://www.barkerbrettell.co.uk,0
968765,https://bearcreeklogcabins.com,6
970896,https://www.lakeshoremotorinn.com,6
974053,https://nauticalbeachfrontresort.com,6
573709,https://www.axa-im.co.uk,0
462842,https://www.sudoweb.com,3
968335,https://hwwc.net,4
973196,https://www.summitchirohealth.com,4
449167,https://dragon-capital.com,0
977615,https://www.skinspectrum.com,4
822,http://members.tripod.com/mannix20/,3
449456,https://nuvisionfederal.com,0
973354,https://www.orthoaz.com,4
971464,https://petersonbaylodge.com,6
593506,https://www.aspects-holidays.co.uk,6
973055,https://www.rv-resort.com,6
970930,https://www.tundratoursinc.com,6
972194,https://www.sourdoughcampground.com,6
969452,https://www.mgmair.com,0
970222,https://sitkaschools.org,1
583109,https://www.completegolfer.co.uk,5
970163,https://www.kibsd.org,1
970215,https://www.bssd.org,1
584203,https://www.qaa.ac.uk,1
584132,https://www.edutek.ltd.uk,1
972891,https://stchealth.com,4
971232,https://www.akvisit.com,6
463172,https://www.gameinstitute.com,3
969055,https://brc2.com,0
583968,https://www.aventure.co.uk,1
975143,https://1800theeagle.com,0
977998,https://thebestinaz.com,5
973902,https://www.greerlodgeaz.com,6
971304,https://lakelouiselodge.com,6
583311,https://www.adventuretoys.co.uk,3
451230,https://www.harrisonandstar.com,4
583010,https://www.acscricket.co.uk,5
584026,https://www.heas.org.uk,1
584080,https://www.tumbletots.com,1
465438,https://psychiatristscottsdale.com,4
462596,https://treasurebay.com,3
975064,https://www.azbuslaw.com,0
972896,https://psna.net,4
1446,https://voyeurhit.com/,2
979231,https://pointewestmotel.com,6
967865,https://www.gcs.k12.al.us,1
1452,https://petardas.xxx/,2
232,https://xtratime.in/,5
978197,https://azlta.com,6
574843,https://www.clearwellmobility.co.uk,4
451176,https://www.psmnv.com,4
978846,https://www.bobcats.k12.ar.us,1
972499,https://alaskatrekker.com,6
584054,https://www.yaketyyak-languagecafe.co.uk,1
293,https://www.football.london/,5
978782,https://www.mcgeheeschools.org,1
583815,https://www.trainerslibrary.com,1
969059,https://wlv.com,0
573477,https://secure.cbonline.co.uk,0
970694,https://lifemedalaska.com,4
463407,https://imbaguides.blogspot.com,3
463073,https://www.vgf.com,3
297,https://www.nottinghampost.com/sport/football/,5
984965,https://4h.ucanr.edu,1
976474,https://sedonaadventuretours.com,6
967505,https://www.thebta.org,0
584171,https://www.treloar.org.uk,1
584174,https://www.ssc.education.ed.ac.uk,1
981418,https://communityvisionca.org,0
584226,https://www.year2maths.co.uk,1
970289,https://www.alzalaska.org,4
978905,https://www.oralsurgeryofcentralarkansas.com,4
587280,https://www.obwcc.co.uk,5
979879,https://mangandental.com,4
976223,https://www.dentistryofarizona.com,4
583052,https://www.cyclesuk.com,5
975505,https://desertridgepros.com,4
778,http://www.di.fc.ul.pt/~jpn/gv/,3
984997,https://csla.net,1
584003,https://www.lsesu.com,1
968332,https://www.brookwoodbaptisthealth.com,4
577120,https://www.wigg.co.uk,0
970915,https://www.1planettravel.com,6
449497,https://www.bcu.org,0
976395,https://www.wrf.org,4
585087,https://www.sportingtargets.co.uk,5
973381,https://phxvans.com,6
977205,https://bankruptcylawtucson.com,0
976432,https://casasedona.com,6
573708,https://www.londonandcapital.com,0
594776,https://www.keswick.org,6
1425,https://youteenporn.net,2
573390,https://www.balancedaccounting.co.uk,0
979072,https://cozycaverns.com,0
975177,https://www.visitphoenix.com,6
462638,https://www.readybetgo.com,3
985187,https://www.acupuncture.ca.gov,4
975134,https://millealawfirm.com,0
971802,https://www.oceanbaykodiak.com,6
979246,https://enchantedforestresort.com,6
574800,https://www.safeandsoundproducts.net,4
463372,https://www.metin2pserver.info,3
583098,https://www.colincampbellsports.com,5
976824,https://www.tempedentalcare.com,4
968569,https://www.boardwalk-realty.com,6
975499,https://burnsdentistry.com,4
577083,https://www.sterlingprobate.com,0
848,http://www.etwa.org/,3
573607,https://www.thedebtadvisor.co.uk,0
972923,https://www.azspinal.org,4
228,https://worldinsport.com/,5
573676,https://www.aag.co.uk,0
463410,https://www.wowdb.com,3
971325,https://cottonwoodlodge.net,6
967917,https://www.boazk12.org,1
463100,https://tfcmods.wordpress.com,3
978254,https://www.westwindairservice.com,6
583949,https://scqf.org.uk,1
1434,https://ok.xxx/,2
974355,https://www.pictureperfectsmiles.com,4
222,https://www.whatproswear.com/,5
574875,https://www.clinisupplies.co.uk,4
978819,https://www.jonesboroschools.net,1
978403,https://www.apscn.org,1
974350,https://www.vibrantdentistry.com,4
979264,https://oakcrestcottages.com,6
971182,https://fairbanksorthodonticgroup.com,4
969104,https://limbaughortho.com,4
586372,https://www.stirrupshotel.co.uk,6
583739,https://www.wininvesting.com,1
583769,https://www.tte.co.uk,1
582883,https://www.camperite.co.uk,6
976468,https://www.bluefeathertours.com,6
451733,https://www.asta.org,6
583761,https://www.imperativetraining.com,1
833,http://mezelmods.com/,3
462416,https://www.expert-chess-strategies.com,3
582954,https://www.kentcanoes.co.uk,5
574883,https://www.intersurgical.co.uk,4
583077,https://exercise.co.uk,5
574306,https://www.foster-and-cranfield.co.uk,0
980052,https://www.fishfiddleresort.com,6
573697,https://www.spenceandpartners.co.uk,0
583894,https://www.huthwaiteinternational.com,1
462493,https://indianapolisbridge.com,3
977234,https://fourthavenue.org,0
1004284,https://www.virtual-boy.com,3
969381,https://www.bayareaobgyn.com,4
980122,https://riverspirit.com,6
449786,https://customplanfinancial.com,0
978422,https://www.shilohsaints.org,1
569074,https://www.article13.com,0
978913,https://www.carti.com,4
583031,https://www.sjscycles.co.uk,5
1414,https://xhamster.com,2
463012,https://www.web-adventures.org,3
230,https://www.sportsnewsireland.com/,5
1464,https://babe8.net/,2
463109,https://www.datarealms.com,3
968112,https://lucysbranch.com,6
573694,https://www.financial-coaching.co.uk,0
971390,https://denalidomehome.com,6
583852,https://bowles.rocks,1
971835,https://traillakelodge.com,6
574729,https://www.radiation-qa-services.co.uk,4
968346,https://stonecreekdentalcare.com,4
573563,https://www.summit-group.co.uk,0
977502,https://axisvitality.com,4
973144,https://www.theboulders.com,6
975749,https://www.prescottresort.com,6
979052,https://www.backandbodychiro.com,4
573393,https://www.howardsca.co.uk,0
587279,https://www.bristolcanoeclub.org.uk,5
577303,https://www.londonip.co.uk,0
971750,https://www.kingko.com,6
593513,https://www.lindfordhouse.com,6
977555,https://www.johncarsondds.com,4
582927,https://www.forrunnersbyrunners.com,5
583152,https://www.stridingedge.com,6
583922,https://www.cesew.org.uk,1
830,http://www.flippers.com/,3
977556,https://www.jwday.com,4
583927,https://www.crac.org.uk,1
573633,https://dukeslimited.co.uk,0
968716,https://www.mrdrugs.com,4
246,https://www.sportspac12.com/,5
972929,https://raisingspecialkids.org,4
976820,https://www.childrensdentalvillage.net,4
574887,https://www.wellsoffshore.co.uk,4
586210,https://livingrainforest.org,6
976431,https://canyonvilla.com,6
976429,https://www.innatthundermountain.com,6
574865,https://inspirationhealthcaregroup.com,4
975604,https://www.desertsedgerv.com,6
975495,https://www.azvalleydental.com,4
583994,https://www.teachfirst.org.uk,1
573537,https://eastwoodanglo.com,0
969378,https://www.usahealthsystem.com,4
586370,https://www.berkshirerooms.co.uk,6
595190,https://www.lakedistrictinns.co.uk,6
449462,https://www.logixbanking.com,0
970200,https://www.swrsd.org,1
451214,https://amsurg.com,4
455598,https://www.bill.com,0
584067,https://www.learning-tree.org.uk,1
270,https://www.athletesanon.com/blog,5
583795,https://www.outwardbound.org.uk,1
974582,https://peoriafootandanklespecialists.com,4
803,http://www.funagain.com/cgi-bin/funagain/04222,3
583105,https://www.sherpashaw-golf.co.uk,5
462420,https://www.cxrchess.com,3
968258,https://www.highlandbrokerage.com,0
975508,https://www.todaysdental.com,4
1432,https://zbporn.com/,2
968150,https://www.auhcc.com,6
448508,https://www.vafire.com,1
595096,https://www.walklakes.co.uk,6
584017,https://www.gcustudents.co.uk,1
462552,https://metrodetroitgamers.wordpress.com,3
967759,https://www.mscs.k12.al.us,1
975520,https://www.camelbackperio.com,4
971303,https://tolsonacampground.com,6
977507,https://rubsmassage.com,4
975997,https://soilworks.com,0
976303,https://condoresorts.com,6
586179,https://bowmenofwarfield.co.uk,5
583116,https://www.planetgolfuk.co.uk,5
971957,https://www.nordichouse.net,6
573757,https://www.aondigital.com/en-gb/by-industry,0
826,http://www.vaps.org/,3
970180,https://www.chevakschool.org,1
573366,https://www.wtca.co.uk,0
589724,https://www.wittering.peterborough.sch.uk,1
583854,https://www.redcrossfirstaidtraining.co.uk,1
259,https://sportstar.thehindu.com/,5
573730,https://www.theia.org,0
978436,https://pirates.k12.ar.us,1
540335,https://www.kincosec.com,0
973526,https://countryclubdentalflagstaff.com,4
1005109,https://www.guildwars.com/en,3
463558,https://www.pockettactics.com,3
976435,https://www.lodgeatsedona.com,6
974244,https://www.hougenfamilylaw.com,0
450211,https://www.lyonfinancial.net,0
583778,https://mhconsult.com,1
583937,https://www.nehrucentre.org.uk,1
971487,https://www.bidarkainn.com,6
584002,https://www.jmsu.co.uk,1
584240,https://jtltraining.com,1
448505,https://texascpr.com,1
577237,https://forresters-ip.com,0
974511,https://www.paysoncampground.com,6
801,http://www.chessandpoker.com/solitaire_strategy.html,3
583997,https://www.studenthealth.co.uk,4
584115,https://www.homeschooltutoring.co.uk,1
582870,https://www.funkyleisure.co.uk,6
985006,https://www.ayurvedacollege.com,1
975116,https://steveleshner.com,0
449038,https://www.nzba.org.nz,0
451352,https://amt-medical.nl,4
267,https://benwsportblog.wordpress.com/,5
582929,https://www.bowlamania.co.uk,5
967789,https://www.opelikaschools.org,1
975522,https://azperio.com,4
463385,https://warchaos.wordpress.com,3
577311,https://mathisen.co.uk,0
583047,https://www.citycyclecentre.com,5
595218,https://www.lakedistrictcamping.co.uk,6
451157,https://www.edgemed.com,4
979811,https://www.roselawfirm.com,0
972294,https://innatwhittier.com,6
577323,https://www.employease.co.uk,0
573692,https://uk.eragroup.com,0
584016,https://studentsunionucl.org,1
583989,https://www.beetroot.com,1
977729,https://www.westwardlook.com,6
462524,https://www.arcade-classics.com,3
971644,https://kasilofrvpark.com,6
462399,https://www.chess.bc.ca,3
978693,https://ozarkmountainschooldistrict.com,1
449457,https://www.olcu.org,0
969103,https://www.dyaplasticsurgery.com,4
573422,https://www.apsleys.com,0
969098,https://www.huntsvillepediatrics.com,4
975014,https://www.performancesuretybonds.com,0
967683,https://www.lee.k12.al.us,1
970707,https://alaskapca.org,4
463377,https://rust.facepunch.com,3
462733,https://brightonwargamesclub.wordpress.com,3
463051,https://www.deltatao.com,3
304,https://www.transfermarkt.com/,5
573445,https://www.firstdirect.com,0
1433,https://www.fuq.com/,2
968808,https://corporatepharmacy.com,4
969404,https://www.mobile.org,6
980906,https://www.injuryboard.org,0
218,https://www.theroar.com.au/,5
974411,https://www.codranch.com,6
449580,https://www.affinityfcu.com,0
976203,https://www.listeningclarity.com,4
973926,https://jacoblake.com,6
583731,https://www.legal-island.com,1
416011,https://www.severnsidesac.com,5
1393,http://xxxfuckstories.com/,2
583732,https://www.wsetglobal.com,1
573429,https://payroll-solutions.co.uk,0
584040,https://www.brightworld.co.uk,1
846,http://www.tableskittles.com/,3
463016,https://www.mrbillsadventureland.com,3
969540,https://www.drrousso.com,4
583786,https://pdl-training.com,1
573885,https://tradesureinsurance.co.uk,0
1422,https://4porn.com/en,2
980065,https://thewildflowerbandb.com,6
976250,https://douglasfamilydentistry.com,4
32648,https://playragnarok.com,3
971031,https://campdenali.com,6
573589,https://www.pondventures.com,0
451115,https://www.eigen.com,4
462963,https://www.mtgprice.com,3
972905,https://braces520.com,4
635906,https://www.coriniumlanguage.co.uk,0
462584,https://www.palacasino.com,3
975078,https://www.phoenixarizonacriminallawyer.com,0
573553,https://sterlingcapitalreserve.co.uk,0
972064,https://www.sitka.com,6
969866,https://www.northstar-ems.us,4
449502,https://www.iucu.org,0
971323,https://alaskananglersinn.com,6
577295,https://www.hgf.com,0
577236,https://www.dyoung.com/en,0
462531,https://www.rkadegames.com,3
976451,https://elportalsedona.com,6
248,https://sportsration.com/,5
979251,https://treehousecottages.com,6
972494,https://themilepost.com,6
577271,https://www.potterclarkson.com,0
984995,https://cajumpstart.org,1
595198,https://www.scalesfarm.com,6
582868,https://www.terra-nova.co.uk,6
449258,https://www.theharborbank.com,0
978424,https://www.trinitywarriors.org,1
1445,https://landing.trueamateurs.com/,2
975474,https://mymassagetherapy.com,4
568684,https://www.srgtalent.com,0
463408,https://worldofdwarfcraft.blogspot.com,3
976461,https://www.dreamsedona.com,6
573758,https://www.premierguarantee.co.uk,0
463349,https://elderscrollsonline.info,3
973821,https://italiansmiles.com,4
593944,https://www.steppingup.org.uk,1
451200,https://www.wwmedical.com,4
973142,https://carefreecasita.com,6
975083,https://azdui.com,0
568990,https://www.daniel-johnson.com,0
583888,https://www.maguiretraining.co.uk,1
975765,https://www.89adentalcare.com,4
972487,https://alaskaalpineadventures.com,6
573623,https://www.purefx.co.uk,0
980314,https://skyvuelodge.com,6
968526,https://www.cullmaninternalmedicine.com,4
972156,https://www.kenailodges.com,6
573847,https://accelerant.ai,0
573395,https://www.hicks.co.uk,0
595185,https://www.lakedistrict.gov.uk,6
975168,https://aaed.com,0
449506,https://www.harvesterfcu.org,0
577288,https://www.wynne-jones.com,0
577296,https://www.howardlock.co.uk,0
978857,https://www.lsschool.org,1
569513,https://www.vwa.co.uk,1
583095,https://www.pendlesportswear.co.uk,5
574834,https://www.pcmobilityservices.com,4
449074,https://mcb.mu,0
975530,https://www.corecrossfit.com,5
798,http://www.wikipedia.org/wiki/President_(game),3
977558,https://www.tucsonsmilesaz.com,4
971456,https://www.homeroceanhouse.com,6
973111,https://www.markwhitedds.com,4
573615,https://fasimms.co.uk,0
1470,https://anyxxx.me/,2
1400,http://www.direct-uk.com,2
231,https://westwoodonesports.com/,5
975133,https://www.mayrolaw.com,0
574850,https://www.techno-vision.co.uk,4
771,http://www.chessvideos.tv/,3
583736,https://www.xeltraining.com,1
967730,https://alabama.educationbug.org,1
967970,https://www.albme.gov,4
976294,https://www.scottsdalecamelback.com,6
462998,https://www.armadafleetcommand.com,3
582902,https://www.uksportimports.com,5
595226,https://www.showmecumbria.co.uk,6
573267,https://www.dpcaccountants.com,0
979487,https://www.beaverlakeresorts.com,6
594564,https://arlecdon.education,1
577127,https://www.fidler.co.uk,0
966025,https://www.westmarkhotels.com,6
311,https://www.badmintonengland.co.uk/,5
967727,https://www.higheredpartners.org,1
968348,https://www.crisiscenterbham.org,4
574150,https://www.corporatebusinessfinance.co.uk,0
971359,https://www.alaskaguardhouse.com,6
979255,https://www.crescentpark-arkansas.com,6
574732,https://www.craven-solutions.com,4
1409,https://www.redtube.com/,2
573558,https://www.corporatefinanceassociates.co.uk,0
573373,https://www.alliotts.com,0
979157,https://thewhiteriverinn.com,6
533294,https://www.playok.com,3
975100,https://dessaules.com,0
970858,https://www.wildernessalaska.com,6
574745,https://www.olbas.co.uk,4
970726,https://www.advancedfamilydentalcare.com,4
971491,https://alaskabeartours.com,6
978484,https://www.scsd.info,1
979156,https://www.rimshoals.com,6
574824,https://www.sabre-stairlifts.co.uk,4
972095,https://www.skagway.com,6
584095,https://www.helpgames.co.uk,1
966033,https://www.sylvanlearning.com,1
970169,https://www.lpsd.com,1
573857,https://primecover.co.uk,0
449515,https://brecofcu.com,0
585502,https://www.barkhampreschool.net,1
979226,https://eurekaspringsromancebb.com,6
971505,https://rainbowking.com,6
583865,https://cmt.training,1
582949,https://www.bournemouthcanoes.co.uk,5
573592,https://www.sep.co.uk,0
574773,https://nexusdms.co.uk,4
592024,https://www.pentreath.co.uk,1
1429,https://www.tube8.com/,2
462830,https://www.techinterview.org,3
781,http://www.boardgamegeek.com/game/2545,3
970862,https://www.kennicottlodge.com,6
583013,https://www.cheshirebilliards.co.uk,5
573272,https://www.woollard.org.uk,0
971919,https://www.alaskasharvest.com,6
971465,https://twinpuffins.com,6
449613,https://consumercreditunion.com,0
573710,https://www.rathbones.com,0
577317,https://www.foxlawyers.com,0
789,http://members.tripod.com/~Germantown_Peggers/cribfrms.htm,3
573855,https://www.advanceunderwriting.co.uk,0
462726,https://www.dp9.com,3
462808,https://shadowlack.com,3
593548,https://www.visitcornwall.com,6
975066,https://williamsgraves.com,0
979250,https://www.beaverlakefrontcabins.com,6
971241,https://riversedge.net,6
980103,https://www.blackoakresort.com,6
968341,https://www.happyfishpediatricdentistry.com,4
46933,https://www.flyordie.com,3
967894,https://www.escambiak12.net,1
978403,https://www.apscn.org,1
584013,https://www.sunderlandsu.co.uk,1
513222,https://www.spainexchange.com,1
466994,https://ccppns.org,1
573684,https://cat-alliance.com,0
971629,https://alaskacapitalinn.com,6
974051,https://www.golakehavasu.com,6
976825,https://cosmeticdentistryaz.com,4
973394,https://www.timberwolfpines.com,6
463402,https://enhancementshaman.wordpress.com,3
573722,https://www.fandc.com,0
577078,https://www.lawspeed.com,0
975655,https://www.lazyoaks.com,6
463079,https://infendo.com,3
974432,https://www.cabinfeveraz.com,6
462709,https://game-eaters.blogspot.com,3
971389,https://earthsonglodge.com,6
980241,https://www.joepinneydentistry.com,4
967772,https://www.jacksonk12.org,1
577133,https://blackfords.com,0
592942,https://golfincornwall.com,5
967876,https://www.elbaed.com,1
449061,https://www.branchspot.com,0
974339,https://www.skincancerspecialistsltd.com,4
463388,https://warhammeronlinenews.wordpress.com,3
967814,https://www.ozarkcityschools.net,1
463192,https://hosthavoc.com,3
423188,https://glest.org/en/index.php,3
574340,https://www.taxreturn.co.uk,0
971234,https://auroracabin.com,6
583046,https://www.cycle-revolution.net,5
449322,https://firstsecuritybk.com,0
584004,https://www.subu.org.uk,1
977788,https://www.sheridanhouseinn.com,6
977607,https://ivftucson.com,4
584044,https://www.dutch4beginners.com,1
573687,https://www.costcare.co.uk,0
573779,https://mgunderwriting.com,0
970190,https://www.aleutregion.org,1
969487,https://www.chapmanortho.com,4
967794,https://www.halek12.org,1
451103,https://cmsa.org,4
968342,https://www.oakmountainorthodontics.com,4
1419,https://www.xvideos.com,2
463586,https://tazone.tauniverse.com,3
569145,https://www.affinityworks.net,0
595083,https://www.malcolmwilson.co.uk,5
969374,https://centerfordermatology.info,4
979686,https://www.agcc.com,0
978411,https://cacmustangs.org,1
583855,https://capitaltraining.com,1
583916,https://www.nfer.ac.uk,1
969380,https://www.alortho.com,4
981417,https://www.cbbank.com,0
584133,https://gut.languageskills.co.uk,1
980338,https://southforknaturecenter.org,1
584071,https://www.look4nurseries.co.uk,1
593512,https://www.stylishcornishcottages.co.uk,6
584136,https://projectalevel.co.uk,1
977595,https://www.hodgeseyecare.com,4
573330,https://www.lysi.co.uk,0
980054,https://www.edgewater-resort.com,6
583988,https://www.unitestudents.com,1
584202,https://www.nawe.co.uk,1
450183,https://aurorasustainablelands.com,0
451084,https://www.psbroker.com,4
973353,https://www.mychandlerdentists.com,4
505895,https://www.cambridgecollege.co.uk,1
969058,https://www.apiplastics.com,0
979687,https://www.lacylawfirm.com,0
971327,https://www.blueheronbnb.net,6
784,http://www.tradgames.org.uk/games/Nine-Mens-Morris.htm,3
971834,https://traillakeview.com,6
967549,https://www.omnihotels.com,6
573266,https://wbg.co.uk,0
592939,https://www.cornwallsportshall.org.uk,5
970713,https://www.chugachmiut.org,4
